L22,L05
SDN:L22::TOOL0942,SDN:L05::369
SDN:L22::TOOL1494,SDN:L05::185
SDN:L22::TOOL0239,SDN:L05::134
SDN:L22::TOOL0055,SDN:L05::134
SDN:L22::TOOL2076,SDN:L05::134
SDN:L22::TOOL1614,SDN:L05::134
SDN:L22::TOOL0061,SDN:L05::115
SDN:L22::TOOL1684,SDN:L05::POS26
SDN:L22::TOOL1855,SDN:L05::381
SDN:L22::TOOL0701,SDN:L05::102
SDN:L22::TOOL0080,SDN:L05::102
SDN:L22::TOOL0283,SDN:L05::102
SDN:L22::TOOL2082,SDN:L05::102
SDN:L22::TOOL0923,SDN:L05::102
SDN:L22::TOOL1399,SDN:L05::134
SDN:L22::TOOL0663,SDN:L05::369
SDN:L22::TOOL0682,SDN:L05::102
SDN:L22::TOOL2044,SDN:L05::311
SDN:L22::TOOL2050,SDN:L05::311
SDN:L22::TOOL1164,SDN:L05::369
SDN:L22::NETT0085,SDN:L05::134
SDN:L22::NETT0072,SDN:L05::23
SDN:L22::TOOL1779,SDN:L05::102
SDN:L22::TOOL0821,SDN:L05::185
SDN:L22::TOOL1969,SDN:L05::311
SDN:L22::TOOL0397,SDN:L05::102
SDN:L22::TOOL2215,SDN:L05::LAB16
SDN:L22::TOOL1785,SDN:L05::LAB48
SDN:L22::TOOL1525,SDN:L05::388
SDN:L22::TOOL1544,SDN:L05::311
SDN:L22::TOOL1100,SDN:L05::102
SDN:L22::TOOL1937,SDN:L05::311
SDN:L22::TOOL1956,SDN:L05::311
SDN:L22::TOOL1975,SDN:L05::311
SDN:L22::TOOL1753,SDN:L05::102
SDN:L22::TOOL0105,SDN:L05::134
SDN:L22::TOOL0181,SDN:L05::134
SDN:L22::TOOL1550,SDN:L05::102
SDN:L22::TOOL0777,SDN:L05::115
SDN:L22::TOOL2170,SDN:L05::LAB16
SDN:L22::NETT0148,SDN:L05::23
SDN:L22::TOOL1943,SDN:L05::311
SDN:L22::TOOL1962,SDN:L05::311
SDN:L22::TOOL1702,SDN:L05::134
SDN:L22::TOOL1721,SDN:L05::369
SDN:L22::TOOL1018,SDN:L05::LAB16
SDN:L22::TOOL0707,SDN:L05::134
SDN:L22::TOOL0726,SDN:L05::102
SDN:L22::TOOL0580,SDN:L05::134
SDN:L22::TOOL1930,SDN:L05::311
SDN:L22::TOOL1246,SDN:L05::369
SDN:L22::TOOL2088,SDN:L05::311
SDN:L22::TOOL1005,SDN:L05::102
SDN:L22::TOOL1024,SDN:L05::134
SDN:L22::TOOL0732,SDN:L05::115
SDN:L22::TOOL0866,SDN:L05::159
SDN:L22::TOOL1849,SDN:L05::159
SDN:L22::TOOL1639,SDN:L05::134
SDN:L22::TOOL1658,SDN:L05::369
SDN:L22::NETT0160,SDN:L05::23
SDN:L22::TOOL1436,SDN:L05::102
SDN:L22::TOOL1252,SDN:L05::61
SDN:L22::TOOL2056,SDN:L05::394
SDN:L22::TOOL1107,SDN:L05::368
SDN:L22::TOOL1595,SDN:L05::368
SDN:L22::TOOL2202,SDN:L05::368
SDN:L22::TOOL1589,SDN:L05::368
SDN:L22::TOOL0333,SDN:L05::387
SDN:L22::TOOL1886,SDN:L05::185
SDN:L22::TOOL0238,SDN:L05::134
SDN:L22::TOOL0295,SDN:L05::115
SDN:L22::TOOL0054,SDN:L05::134
SDN:L22::TOOL0688,SDN:L05::134
SDN:L22::TOOL2043,SDN:L05::311
SDN:L22::TOOL0885,SDN:L05::POS19
SDN:L22::TOOL1823,SDN:L05::POS19
SDN:L22::TOOL0447,SDN:L05::185
SDN:L22::TOOL0466,SDN:L05::LAB16
SDN:L22::TOOL1220,SDN:L05::355
SDN:L22::TOOL1322,SDN:L05::355
SDN:L22::TOOL0200,SDN:L05::355
SDN:L22::TOOL1493,SDN:L05::355
SDN:L22::TOOL1367,SDN:L05::355
SDN:L22::TOOL1892,SDN:L05::311
SDN:L22::TOOL2132,SDN:L05::114
SDN:L22::TOOL0700,SDN:L05::114
SDN:L22::TOOL1424,SDN:L05::114
SDN:L22::TOOL0587,SDN:L05::114
SDN:L22::TOOL0638,SDN:L05::114
SDN:L22::TOOL0206,SDN:L05::114
SDN:L22::TOOL0156,SDN:L05::114
SDN:L22::TOOL0815,SDN:L05::114
SDN:L22::TOOL0029,SDN:L05::114
SDN:L22::TOOL0282,SDN:L05::102
SDN:L22::TOOL1423,SDN:L05::152
SDN:L22::TOOL2057,SDN:L05::152
SDN:L22::TOOL0853,SDN:L05::152
SDN:L22::TOOL1613,SDN:L05::355
SDN:L22::NETT0002,SDN:L05::67
SDN:L22::NETT0053,SDN:L05::67
SDN:L22::NETT0154,SDN:L05::67
SDN:L22::NETT0066,SDN:L05::67
SDN:L22::NETT0059,SDN:L05::67
SDN:L22::TOOL0694,SDN:L05::381
SDN:L22::TOOL1848,SDN:L05::POS25
SDN:L22::NETT0046,SDN:L05::388
SDN:L22::NETT0065,SDN:L05::67
SDN:L22::TOOL0231,SDN:L05::134
SDN:L22::TOOL0606,SDN:L05::101
SDN:L22::TOOL2208,SDN:L05::101
SDN:L22::TOOL1031,SDN:L05::102
SDN:L22::TOOL1519,SDN:L05::101
SDN:L22::TOOL1030,SDN:L05::102
SDN:L22::TOOL2081,SDN:L05::101
SDN:L22::TOOL1924,SDN:L05::101
SDN:L22::TOOL1874,SDN:L05::101
SDN:L22::TOOL0808,SDN:L05::102
SDN:L22::TOOL1195,SDN:L05::ARAG
SDN:L22::NETT0205,SDN:L05::73
SDN:L22::NETT0211,SDN:L05::73
SDN:L22::TOOL2201,SDN:L05::355
SDN:L22::TOOL0884,SDN:L05::115
SDN:L22::TOOL0605,SDN:L05::101
SDN:L22::TOOL0681,SDN:L05::115
SDN:L22::NETT0052,SDN:L05::67
SDN:L22::NETT0071,SDN:L05::23
SDN:L22::TOOL1328,SDN:L05::102
SDN:L22::NETT0103,SDN:L05::22
SDN:L22::NETT0091,SDN:L05::22
SDN:L22::TOOL0986,SDN:L05::22
SDN:L22::NETT0199,SDN:L05::22
SDN:L22::NETT0167,SDN:L05::22
SDN:L22::NETT0090,SDN:L05::22
SDN:L22::NETT0009,SDN:L05::22
SDN:L22::NETT0079,SDN:L05::22
SDN:L22::NETT0078,SDN:L05::22
SDN:L22::NETT0034,SDN:L05::22
SDN:L22::NETT0021,SDN:L05::22
SDN:L22::TOOL0980,SDN:L05::22
SDN:L22::NETT0122,SDN:L05::22
SDN:L22::NETT0173,SDN:L05::22
SDN:L22::NETT0098,SDN:L05::22
SDN:L22::NETT0135,SDN:L05::22
SDN:L22::TOOL0992,SDN:L05::22
SDN:L22::NETT0129,SDN:L05::22
SDN:L22::TOOL0833,SDN:L05::POS19
SDN:L22::TOOL1854,SDN:L05::60
SDN:L22::TOOL1373,SDN:L05::60
SDN:L22::TOOL0611,SDN:L05::114
SDN:L22::TOOL1759,SDN:L05::LAB16
SDN:L22::TOOL1778,SDN:L05::101
SDN:L22::NETT0204,SDN:L05::73
SDN:L22::TOOL1518,SDN:L05::101
SDN:L22::NETT0001,SDN:L05::22
SDN:L22::NETT0020,SDN:L05::67
SDN:L22::TOOL1334,SDN:L05::304
SDN:L22::TOOL2157,SDN:L05::LAB16
SDN:L22::TOOL1112,SDN:L05::368
SDN:L22::TOOL0599,SDN:L05::115
SDN:L22::TOOL1949,SDN:L05::311
SDN:L22::TOOL1708,SDN:L05::153
SDN:L22::TOOL0421,SDN:L05::LAB15
SDN:L22::TOOL2189,SDN:L05::LAB15
SDN:L22::TOOL2138,SDN:L05::LAB15
SDN:L22::TOOL1221,SDN:L05::LAB15
SDN:L22::TOOL2183,SDN:L05::LAB53
SDN:L22::NETT0210,SDN:L05::22
SDN:L22::TOOL0155,SDN:L05::114
SDN:L22::TOOL1505,SDN:L05::369
SDN:L22::TOOL1524,SDN:L05::POS25
SDN:L22::TOOL0567,SDN:L05::EQUIL
SDN:L22::TOOL0586,SDN:L05::114
SDN:L22::TOOL1917,SDN:L05::102
SDN:L22::NETT0179,SDN:L05::23
SDN:L22::TOOL1936,SDN:L05::311
SDN:L22::NETT0198,SDN:L05::61
SDN:L22::TOOL1955,SDN:L05::311
SDN:L22::TOOL1974,SDN:L05::311
SDN:L22::TOOL0383,SDN:L05::134
SDN:L22::TOOL1981,SDN:L05::LAB02
SDN:L22::TOOL0941,SDN:L05::LAB02
SDN:L22::TOOL0820,SDN:L05::LAB21
SDN:L22::TOOL2069,SDN:L05::LAB21
SDN:L22::TOOL1752,SDN:L05::368
SDN:L22::TOOL1234,SDN:L05::LAB40
SDN:L22::TOOL1893,SDN:L05::LAB40
SDN:L22::TOOL0123,SDN:L05::134
SDN:L22::TOOL1790,SDN:L05::POS26
SDN:L22::TOOL0979,SDN:L05::22
SDN:L22::TOOL0776,SDN:L05::LAB15
SDN:L22::TOOL2131,SDN:L05::114
SDN:L22::TOOL0516,SDN:L05::LAB15
SDN:L22::NETT0109,SDN:L05::67
SDN:L22::NETT0128,SDN:L05::22
SDN:L22::NETT0147,SDN:L05::22
SDN:L22::NETT0166,SDN:L05::22
SDN:L22::TOOL1923,SDN:L05::102
SDN:L22::TOOL1942,SDN:L05::311
SDN:L22::TOOL1980,SDN:L05::LAB02
SDN:L22::TOOL0351,SDN:L05::115
SDN:L22::TOOL1499,SDN:L05::369
SDN:L22::TOOL1701,SDN:L05::185
SDN:L22::TOOL1720,SDN:L05::368
SDN:L22::TOOL0110,SDN:L05::380
SDN:L22::TOOL1258,SDN:L05::369
SDN:L22::TOOL0966,SDN:L05::102
SDN:L22::TOOL0985,SDN:L05::23
SDN:L22::TOOL1017,SDN:L05::86
SDN:L22::TOOL0706,SDN:L05::134
SDN:L22::TOOL0725,SDN:L05::381
SDN:L22::TOOL0522,SDN:L05::LAB15
SDN:L22::NETT0134,SDN:L05::22
SDN:L22::NETT0153,SDN:L05::22
SDN:L22::NETT0172,SDN:L05::22
SDN:L22::TOOL1429,SDN:L05::101
SDN:L22::TOOL1245,SDN:L05::LAB40
SDN:L22::TOOL1264,SDN:L05::152
SDN:L22::TOOL0953,SDN:L05::369
SDN:L22::TOOL0991,SDN:L05::61
SDN:L22::TOOL1004,SDN:L05::102
SDN:L22::TOOL0712,SDN:L05::134
SDN:L22::TOOL0750,SDN:L05::115
SDN:L22::TOOL0269,SDN:L05::101
SDN:L22::TOOL0865,SDN:L05::158
SDN:L22::TOOL1728,SDN:L05::158
SDN:L22::TOOL2063,SDN:L05::158
SDN:L22::TOOL1638,SDN:L05::134
SDN:L22::NETT0102,SDN:L05::22
SDN:L22::TOOL0028,SDN:L05::114
SDN:L22::NETT0121,SDN:L05::22
SDN:L22::TOOL2038,SDN:L05::FFES
SDN:L22::TOOL1632,SDN:L05::FFES
SDN:L22::TOOL2019,SDN:L05::FFES
SDN:L22::TOOL1683,SDN:L05::FFES
SDN:L22::TOOL0796,SDN:L05::FFES
SDN:L22::TOOL2037,SDN:L05::FFES
SDN:L22::TOOL1442,SDN:L05::FFES
SDN:L22::TOOL1151,SDN:L05::FFES
SDN:L22::TOOL1202,SDN:L05::FFES
SDN:L22::TOOL1208,SDN:L05::FFES
SDN:L22::TOOL0689,SDN:L05::FFES
SDN:L22::TOOL1443,SDN:L05::FFES
SDN:L22::TOOL0795,SDN:L05::FFES
SDN:L22::NETT0140,SDN:L05::22
SDN:L22::TOOL1473,SDN:L05::369
SDN:L22::TOOL1213,SDN:L05::101
SDN:L22::TOOL2036,SDN:L05::FFES
SDN:L22::TOOL1265,SDN:L05::367
SDN:L22::TOOL1106,SDN:L05::CHRP
SDN:L22::TOOL1530,SDN:L05::367
SDN:L22::TOOL0300,SDN:L05::386
SDN:L22::TOOL0422,SDN:L05::386
SDN:L22::TOOL0352,SDN:L05::386
SDN:L22::TOOL0237,SDN:L05::134
SDN:L22::TOOL0294,SDN:L05::115
SDN:L22::TOOL0091,SDN:L05::115
SDN:L22::TOOL0649,SDN:L05::LAB02
SDN:L22::TOOL1200,SDN:L05::369
SDN:L22::TOOL0687,SDN:L05::134
SDN:L22::TOOL2023,SDN:L05::388
SDN:L22::TOOL2042,SDN:L05::152
SDN:L22::TOOL0465,SDN:L05::LAB02
SDN:L22::NETT0039,SDN:L05::22
SDN:L22::NETT0058,SDN:L05::67
SDN:L22::TOOL1416,SDN:L05::392
SDN:L22::TOOL1417,SDN:L05::392
SDN:L22::NETT0077,SDN:L05::22
SDN:L22::TOOL1834,SDN:L05::101
SDN:L22::TOOL1853,SDN:L05::60
SDN:L22::TOOL1872,SDN:L05::102
SDN:L22::TOOL1891,SDN:L05::311
SDN:L22::TOOL0243,SDN:L05::LAB03
SDN:L22::TOOL1904,SDN:L05::113
SDN:L22::TOOL0187,SDN:L05::113
SDN:L22::TOOL1392,SDN:L05::113
SDN:L22::TOOL1441,SDN:L05::113
SDN:L22::TOOL1993,SDN:L05::113
SDN:L22::TOOL0637,SDN:L05::113
SDN:L22::TOOL1803,SDN:L05::113
SDN:L22::TOOL1905,SDN:L05::113
SDN:L22::TOOL1690,SDN:L05::113
SDN:L22::TOOL0365,SDN:L05::113
SDN:L22::TOOL1340,SDN:L05::113
SDN:L22::TOOL1689,SDN:L05::113
SDN:L22::TOOL0118,SDN:L05::113
SDN:L22::TOOL2176,SDN:L05::113
SDN:L22::TOOL0281,SDN:L05::102
SDN:L22::TOOL0877,SDN:L05::101
SDN:L22::TOOL0655,SDN:L05::311
SDN:L22::TOOL2010,SDN:L05::102
SDN:L22::TOOL0693,SDN:L05::102
SDN:L22::TOOL2207,SDN:L05::360
SDN:L22::NETT0045,SDN:L05::22
SDN:L22::TOOL1802,SDN:L05::113
SDN:L22::TOOL0211,SDN:L05::114
SDN:L22::TOOL1194,SDN:L05::369
SDN:L22::TOOL1170,SDN:L05::53
SDN:L22::TOOL0864,SDN:L05::184
SDN:L22::TOOL1549,SDN:L05::102
SDN:L22::NETT0032,SDN:L05::22
SDN:L22::NETT0070,SDN:L05::22
SDN:L22::TOOL2169,SDN:L05::LAB15
SDN:L22::TOOL2188,SDN:L05::101
SDN:L22::TOOL1105,SDN:L05::CHRP
SDN:L22::TOOL1181,SDN:L05::22
SDN:L22::TOOL2226,SDN:L05::DLOG
SDN:L22::TOOL1657,SDN:L05::DLOG
SDN:L22::TOOL1430,SDN:L05::DLOG
SDN:L22::TOOL1746,SDN:L05::DLOG
SDN:L22::TOOL1448,SDN:L05::DLOG
SDN:L22::TOOL1341,SDN:L05::DLOG
SDN:L22::TOOL1481,SDN:L05::DLOG
SDN:L22::TOOL1797,SDN:L05::DLOG
SDN:L22::TOOL1651,SDN:L05::DLOG
SDN:L22::TOOL1594,SDN:L05::DLOG
SDN:L22::TOOL1183,SDN:L05::DLOG
SDN:L22::TOOL1278,SDN:L05::DLOG
SDN:L22::TOOL1449,SDN:L05::DLOG
SDN:L22::TOOL1765,SDN:L05::DLOG
SDN:L22::TOOL1842,SDN:L05::DLOG
SDN:L22::TOOL1841,SDN:L05::DLOG
SDN:L22::TOOL1506,SDN:L05::DLOG
SDN:L22::TOOL1410,SDN:L05::DLOG
SDN:L22::TOOL1988,SDN:L05::DLOG
SDN:L22::TOOL1817,SDN:L05::DLOG
SDN:L22::NETT0047,SDN:L05::21
SDN:L22::NETT0083,SDN:L05::134
SDN:L22::NETT0033,SDN:L05::21
SDN:L22::NETT0026,SDN:L05::21
SDN:L22::TOOL0832,SDN:L05::159
SDN:L22::TOOL1739,SDN:L05::101
SDN:L22::TOOL2049,SDN:L05::LAB27
SDN:L22::TOOL1581,SDN:L05::LAB27
SDN:L22::TOOL1563,SDN:L05::LAB27
SDN:L22::TOOL1587,SDN:L05::LAB27
SDN:L22::TOOL1568,SDN:L05::LAB27
SDN:L22::TOOL1569,SDN:L05::LAB27
SDN:L22::TOOL1139,SDN:L05::LAB27
SDN:L22::TOOL1297,SDN:L05::LAB27
SDN:L22::TOOL1777,SDN:L05::101
SDN:L22::NETT0203,SDN:L05::73
SDN:L22::TOOL1796,SDN:L05::FFES
SDN:L22::TOOL0783,SDN:L05::COLCMP
SDN:L22::TOOL0782,SDN:L05::COLCMP
SDN:L22::TOOL1517,SDN:L05::102
SDN:L22::TOOL1593,SDN:L05::369
SDN:L22::TOOL2118,SDN:L05::LAB48
SDN:L22::TOOL2175,SDN:L05::102
SDN:L22::TOOL2194,SDN:L05::LAB15
SDN:L22::TOOL1111,SDN:L05::POS26
SDN:L22::TOOL0598,SDN:L05::115
SDN:L22::TOOL1929,SDN:L05::311
SDN:L22::TOOL1948,SDN:L05::311
SDN:L22::TOOL0851,SDN:L05::LAB14
SDN:L22::TOOL2195,SDN:L05::LAB14
SDN:L22::TOOL0484,SDN:L05::LAB14
SDN:L22::TOOL0485,SDN:L05::LAB33
SDN:L22::TOOL0478,SDN:L05::LAB33
SDN:L22::TOOL0154,SDN:L05::114
SDN:L22::TOOL1504,SDN:L05::369
SDN:L22::TOOL1561,SDN:L05::311
SDN:L22::TOOL1580,SDN:L05::LAB27
SDN:L22::TOOL1099,SDN:L05::102
SDN:L22::TOOL1301,SDN:L05::DLOG
SDN:L22::TOOL2105,SDN:L05::LAB16
SDN:L22::TOOL2143,SDN:L05::LAB15
SDN:L22::TOOL0566,SDN:L05::LAB16
SDN:L22::TOOL0585,SDN:L05::114
SDN:L22::NETT0159,SDN:L05::23
SDN:L22::TOOL1916,SDN:L05::102
SDN:L22::NETT0178,SDN:L05::23
SDN:L22::TOOL1935,SDN:L05::311
SDN:L22::NETT0197,SDN:L05::61
SDN:L22::TOOL1954,SDN:L05::311
SDN:L22::TOOL0306,SDN:L05::114
SDN:L22::TOOL1973,SDN:L05::311
SDN:L22::TOOL0363,SDN:L05::115
SDN:L22::TOOL0382,SDN:L05::386
SDN:L22::TOOL2062,SDN:L05::LAB01
SDN:L22::TOOL1758,SDN:L05::LAB01
SDN:L22::TOOL1726,SDN:L05::LAB01
SDN:L22::TOOL1182,SDN:L05::LAB01
SDN:L22::TOOL1809,SDN:L05::LAB01
SDN:L22::TOOL0631,SDN:L05::LAB01
SDN:L22::TOOL0847,SDN:L05::LAB01
SDN:L22::TOOL0947,SDN:L05::LAB20
SDN:L22::TOOL0523,SDN:L05::LAB20
SDN:L22::TOOL0460,SDN:L05::LAB20
SDN:L22::TOOL0657,SDN:L05::LAB20
SDN:L22::TOOL1804,SDN:L05::LAB20
SDN:L22::TOOL2112,SDN:L05::LAB20
SDN:L22::TOOL0467,SDN:L05::LAB20
SDN:L22::TOOL0948,SDN:L05::LAB20
SDN:L22::TOOL1967,SDN:L05::LAB20
SDN:L22::TOOL0972,SDN:L05::LAB20
SDN:L22::TOOL2200,SDN:L05::LAB20
SDN:L22::TOOL1885,SDN:L05::LAB20
SDN:L22::TOOL1751,SDN:L05::LAB16
SDN:L22::TOOL0959,SDN:L05::LAB15
SDN:L22::TOOL1510,SDN:L05::DLOG
SDN:L22::TOOL0978,SDN:L05::22
SDN:L22::TOOL0997,SDN:L05::22
SDN:L22::TOOL1029,SDN:L05::102
SDN:L22::TOOL1086,SDN:L05::304
SDN:L22::TOOL0794,SDN:L05::114
SDN:L22::TOOL0515,SDN:L05::LAB35
SDN:L22::TOOL0534,SDN:L05::113
SDN:L22::NETT0108,SDN:L05::22
SDN:L22::TOOL0572,SDN:L05::LAB40
SDN:L22::NETT0127,SDN:L05::22
SDN:L22::NETT0165,SDN:L05::67
SDN:L22::TOOL1922,SDN:L05::DLOG
SDN:L22::NETT0184,SDN:L05::21
SDN:L22::TOOL1941,SDN:L05::311
SDN:L22::TOOL1479,SDN:L05::367
SDN:L22::TOOL1498,SDN:L05::369
SDN:L22::TOOL1219,SDN:L05::134
SDN:L22::TOOL0908,SDN:L05::LAB01
SDN:L22::TOOL2099,SDN:L05::114
SDN:L22::TOOL0946,SDN:L05::LAB20
SDN:L22::TOOL0984,SDN:L05::22
SDN:L22::TOOL1688,SDN:L05::101
SDN:L22::NETT0133,SDN:L05::22
SDN:L22::NETT0152,SDN:L05::388
SDN:L22::NETT0171,SDN:L05::22
SDN:L22::TOOL1428,SDN:L05::101
SDN:L22::TOOL1447,SDN:L05::113
SDN:L22::TOOL1206,SDN:L05::311
SDN:L22::TOOL0914,SDN:L05::369
SDN:L22::TOOL0952,SDN:L05::369
SDN:L22::TOOL0971,SDN:L05::LAB33
SDN:L22::TOOL0990,SDN:L05::22
SDN:L22::TOOL1003,SDN:L05::102
SDN:L22::TOOL0059,SDN:L05::379
SDN:L22::TOOL0711,SDN:L05::134
SDN:L22::TOOL1859,SDN:L05::POS12
SDN:L22::TOOL1878,SDN:L05::152
SDN:L22::TOOL1897,SDN:L05::311
SDN:L22::TOOL1764,SDN:L05::157
SDN:L22::TOOL1676,SDN:L05::157
SDN:L22::TOOL0745,SDN:L05::157
SDN:L22::TOOL0756,SDN:L05::157
SDN:L22::TOOL1798,SDN:L05::157
SDN:L22::TOOL0744,SDN:L05::157
SDN:L22::TOOL0910,SDN:L05::157
SDN:L22::TOOL1601,SDN:L05::157
SDN:L22::TOOL1682,SDN:L05::157
SDN:L22::TOOL1346,SDN:L05::157
SDN:L22::TOOL0757,SDN:L05::157
SDN:L22::TOOL0492,SDN:L05::157
SDN:L22::TOOL0909,SDN:L05::157
SDN:L22::TOOL0858,SDN:L05::157
SDN:L22::TOOL0384,SDN:L05::157
SDN:L22::TOOL1347,SDN:L05::157
SDN:L22::TOOL2095,SDN:L05::157
SDN:L22::TOOL0916,SDN:L05::157
SDN:L22::TOOL1637,SDN:L05::POS06
SDN:L22::TOOL1656,SDN:L05::134
SDN:L22::TOOL1675,SDN:L05::305
SDN:L22::TOOL0027,SDN:L05::114
SDN:L22::TOOL0084,SDN:L05::101
SDN:L22::TOOL1415,SDN:L05::392
SDN:L22::TOOL2219,SDN:L05::LAB40
SDN:L22::TOOL1472,SDN:L05::157
SDN:L22::TOOL1491,SDN:L05::157
SDN:L22::TOOL2016,SDN:L05::102
SDN:L22::TOOL2035,SDN:L05::FFES
SDN:L22::TOOL2054,SDN:L05::115
SDN:L22::TOOL0901,SDN:L05::114
SDN:L22::TOOL2092,SDN:L05::POS26
SDN:L22::TOOL1036,SDN:L05::309
SDN:L22::TOOL1041,SDN:L05::309
SDN:L22::TOOL1056,SDN:L05::309
SDN:L22::TOOL0496,SDN:L05::LAB01
SDN:L22::TOOL1700,SDN:L05::385
SDN:L22::TOOL2074,SDN:L05::115
SDN:L22::TOOL1836,SDN:L05::385
SDN:L22::TOOL1663,SDN:L05::385
SDN:L22::TOOL1276,SDN:L05::385
SDN:L22::TOOL0883,SDN:L05::385
SDN:L22::TOOL2073,SDN:L05::385
SDN:L22::TOOL0093,SDN:L05::385
SDN:L22::TOOL1631,SDN:L05::385
SDN:L22::TOOL1607,SDN:L05::385
SDN:L22::TOOL0490,SDN:L05::134
SDN:L22::TOOL1296,SDN:L05::385
SDN:L22::TOOL0872,SDN:L05::385
SDN:L22::TOOL0699,SDN:L05::385
SDN:L22::TOOL0086,SDN:L05::385
SDN:L22::TOOL2075,SDN:L05::385
SDN:L22::TOOL1226,SDN:L05::385
SDN:L22::TOOL0376,SDN:L05::385
SDN:L22::TOOL1404,SDN:L05::385
SDN:L22::TOOL1022,SDN:L05::385
SDN:L22::TOOL1403,SDN:L05::385
SDN:L22::TOOL1821,SDN:L05::385
SDN:L22::TOOL0624,SDN:L05::385
SDN:L22::TOOL1327,SDN:L05::385
SDN:L22::TOOL0079,SDN:L05::385
SDN:L22::NETT0101,SDN:L05::68
SDN:L22::TOOL0378,SDN:L05::385
SDN:L22::TOOL0377,SDN:L05::385
SDN:L22::TOOL1608,SDN:L05::385
SDN:L22::TOOL0902,SDN:L05::385
SDN:L22::TOOL2119,SDN:L05::385
SDN:L22::TOOL1816,SDN:L05::385
SDN:L22::TOOL0661,SDN:L05::385
SDN:L22::TOOL1829,SDN:L05::385
SDN:L22::TOOL0813,SDN:L05::385
SDN:L22::TOOL1669,SDN:L05::385
SDN:L22::TOOL1619,SDN:L05::385
SDN:L22::TOOL1225,SDN:L05::385
SDN:L22::NETT0089,SDN:L05::22
SDN:L22::TOOL1846,SDN:L05::LAB21
SDN:L22::TOOL1865,SDN:L05::FFES
SDN:L22::TOOL1884,SDN:L05::113
SDN:L22::TOOL0293,SDN:L05::115
SDN:L22::TOOL1605,SDN:L05::102
SDN:L22::TOOL1662,SDN:L05::385
SDN:L22::TOOL1681,SDN:L05::368
SDN:L22::TOOL0090,SDN:L05::114
SDN:L22::TOOL1402,SDN:L05::101
SDN:L22::TOOL1440,SDN:L05::113
SDN:L22::TOOL2225,SDN:L05::399
SDN:L22::TOOL2041,SDN:L05::185
SDN:L22::TOOL0719,SDN:L05::134
SDN:L22::TOOL0445,SDN:L05::115
SDN:L22::TOOL0464,SDN:L05::LAB15
SDN:L22::NETT0019,SDN:L05::22
SDN:L22::TOOL0143,SDN:L05::353
SDN:L22::TOOL0142,SDN:L05::353
SDN:L22::NETT0038,SDN:L05::22
SDN:L22::NETT0057,SDN:L05::67
SDN:L22::TOOL1814,SDN:L05::134
SDN:L22::TOOL1371,SDN:L05::391
SDN:L22::TOOL1372,SDN:L05::391
SDN:L22::NETT0076,SDN:L05::388
SDN:L22::TOOL1833,SDN:L05::101
SDN:L22::NETT0095,SDN:L05::22
SDN:L22::TOOL1852,SDN:L05::387
SDN:L22::TOOL1871,SDN:L05::101
SDN:L22::TOOL1890,SDN:L05::311
SDN:L22::TOOL1130,SDN:L05::112
SDN:L22::TOOL1847,SDN:L05::131
SDN:L22::TOOL0280,SDN:L05::101
SDN:L22::TOOL2206,SDN:L05::150
SDN:L22::TOOL2227,SDN:L05::150
SDN:L22::TOOL1808,SDN:L05::150
SDN:L22::TOOL1582,SDN:L05::150
SDN:L22::TOOL0509,SDN:L05::150
SDN:L22::TOOL1588,SDN:L05::150
SDN:L22::TOOL1611,SDN:L05::102
SDN:L22::TOOL1630,SDN:L05::385
SDN:L22::TOOL1168,SDN:L05::LAB48
SDN:L22::TOOL0819,SDN:L05::59
SDN:L22::TOOL1259,SDN:L05::65
SDN:L22::TOOL0857,SDN:L05::FFES
SDN:L22::TOOL0420,SDN:L05::84
SDN:L22::TOOL0876,SDN:L05::158
SDN:L22::TOOL2212,SDN:L05::LAB40
SDN:L22::TOOL0662,SDN:L05::BLUMS
SDN:L22::TOOL0616,SDN:L05::101
SDN:L22::NETT0209,SDN:L05::22
SDN:L22::TOOL0692,SDN:L05::102
SDN:L22::TOOL1434,SDN:L05::POS04
SDN:L22::TOOL1861,SDN:L05::POS04
SDN:L22::TOOL0762,SDN:L05::POS04
SDN:L22::TOOL0764,SDN:L05::POS04
SDN:L22::TOOL0751,SDN:L05::POS04
SDN:L22::TOOL1879,SDN:L05::POS04
SDN:L22::TOOL0743,SDN:L05::POS04
SDN:L22::TOOL2011,SDN:L05::POS04
SDN:L22::TOOL0763,SDN:L05::POS04
SDN:L22::TOOL1555,SDN:L05::385
SDN:L22::TOOL1435,SDN:L05::POS04
SDN:L22::TOOL0389,SDN:L05::POS04
SDN:L22::TOOL0623,SDN:L05::POS04
SDN:L22::TOOL1016,SDN:L05::302
SDN:L22::NETT0006,SDN:L05::22
SDN:L22::TOOL0470,SDN:L05::LAB01
SDN:L22::NETT0025,SDN:L05::134
SDN:L22::NETT0044,SDN:L05::22
SDN:L22::TOOL1801,SDN:L05::113
SDN:L22::NETT0063,SDN:L05::67
SDN:L22::TOOL1820,SDN:L05::POS04
SDN:L22::NETT0082,SDN:L05::134
SDN:L22::TOOL0541,SDN:L05::14
SDN:L22::TOOL0648,SDN:L05::14
SDN:L22::TOOL1455,SDN:L05::33
SDN:L22::TOOL1454,SDN:L05::33
SDN:L22::TOOL0844,SDN:L05::302
SDN:L22::TOOL0863,SDN:L05::158
SDN:L22::TOOL0882,SDN:L05::POS04
SDN:L22::TOOL0641,SDN:L05::134
SDN:L22::TOOL2024,SDN:L05::LAB39
SDN:L22::TOOL1789,SDN:L05::LAB01
SDN:L22::TOOL0198,SDN:L05::FFES
SDN:L22::TOOL0400,SDN:L05::388
SDN:L22::TOOL1529,SDN:L05::157
SDN:L22::TOOL1567,SDN:L05::LAB27
SDN:L22::TOOL1586,SDN:L05::150
SDN:L22::NETT0031,SDN:L05::22
SDN:L22::NETT0050,SDN:L05::388
SDN:L22::TOOL1345,SDN:L05::157
SDN:L22::TOOL2168,SDN:L05::LAB15
SDN:L22::TOOL2187,SDN:L05::102
SDN:L22::TOOL1161,SDN:L05::369
SDN:L22::TOOL1180,SDN:L05::102
SDN:L22::TOOL0850,SDN:L05::LAB34
SDN:L22::TOOL1979,SDN:L05::LAB02
SDN:L22::TOOL1719,SDN:L05::115
SDN:L22::TOOL2087,SDN:L05::LAB07
SDN:L22::TOOL1212,SDN:L05::LAB07
SDN:L22::TOOL1738,SDN:L05::379
SDN:L22::TOOL2156,SDN:L05::LAB45
SDN:L22::TOOL2139,SDN:L05::LAB45
SDN:L22::TOOL0109,SDN:L05::380
SDN:L22::TOOL1776,SDN:L05::102
SDN:L22::NETT0202,SDN:L05::22
SDN:L22::TOOL1795,SDN:L05::DLOG
SDN:L22::TOOL0166,SDN:L05::115
SDN:L22::TOOL1516,SDN:L05::102
SDN:L22::TOOL1573,SDN:L05::LAB27
SDN:L22::TOOL1592,SDN:L05::159
SDN:L22::TOOL2117,SDN:L05::LAB15
SDN:L22::TOOL2136,SDN:L05::157
SDN:L22::TOOL1370,SDN:L05::150
SDN:L22::TOOL2155,SDN:L05::DLOG
SDN:L22::TOOL2174,SDN:L05::102
SDN:L22::TOOL2193,SDN:L05::LAB54
SDN:L22::TOOL1110,SDN:L05::157
SDN:L22::TOOL0559,SDN:L05::LAB02
SDN:L22::TOOL0578,SDN:L05::114
SDN:L22::TOOL1928,SDN:L05::311
SDN:L22::TOOL1947,SDN:L05::311
SDN:L22::TOOL1966,SDN:L05::DLOG
SDN:L22::TOOL0318,SDN:L05::134
SDN:L22::TOOL0375,SDN:L05::385
SDN:L22::TOOL0394,SDN:L05::157
SDN:L22::TOOL1138,SDN:L05::LAB13
SDN:L22::TOOL1725,SDN:L05::LAB13
SDN:L22::TOOL0471,SDN:L05::LAB13
SDN:L22::TOOL1744,SDN:L05::134
SDN:L22::TOOL1763,SDN:L05::157
SDN:L22::TOOL0134,SDN:L05::379
SDN:L22::TOOL0153,SDN:L05::114
SDN:L22::TOOL0172,SDN:L05::113
SDN:L22::TOOL0191,SDN:L05::134
SDN:L22::TOOL1503,SDN:L05::134
SDN:L22::TOOL1541,SDN:L05::DLOG
SDN:L22::TOOL0046,SDN:L05::152
SDN:L22::TOOL1079,SDN:L05::92
SDN:L22::TOOL1098,SDN:L05::102
SDN:L22::TOOL1757,SDN:L05::SNAG
SDN:L22::TOOL1300,SDN:L05::LAB21
SDN:L22::TOOL0749,SDN:L05::115
SDN:L22::TOOL0787,SDN:L05::33
SDN:L22::TOOL2142,SDN:L05::LAB16
SDN:L22::TOOL2161,SDN:L05::POS04
SDN:L22::TOOL2180,SDN:L05::LAB16
SDN:L22::TOOL0565,SDN:L05::LAB15
SDN:L22::TOOL0584,SDN:L05::114
SDN:L22::NETT0139,SDN:L05::67
SDN:L22::NETT0158,SDN:L05::68
SDN:L22::TOOL1915,SDN:L05::157
SDN:L22::TOOL1934,SDN:L05::311
SDN:L22::NETT0196,SDN:L05::61
SDN:L22::TOOL1953,SDN:L05::311
SDN:L22::TOOL1972,SDN:L05::311
SDN:L22::TOOL1991,SDN:L05::311
SDN:L22::TOOL0362,SDN:L05::115
SDN:L22::TOOL1712,SDN:L05::113
SDN:L22::TOOL1731,SDN:L05::369
SDN:L22::TOOL1750,SDN:L05::LAB16
SDN:L22::TOOL0121,SDN:L05::114
SDN:L22::TOOL1288,SDN:L05::LAB16
SDN:L22::TOOL0958,SDN:L05::134
SDN:L22::TOOL0996,SDN:L05::22
SDN:L22::TOOL1028,SDN:L05::102
SDN:L22::TOOL0736,SDN:L05::PERMON
SDN:L22::TOOL0755,SDN:L05::157
SDN:L22::TOOL0793,SDN:L05::114
SDN:L22::TOOL0514,SDN:L05::LAB35
SDN:L22::TOOL0533,SDN:L05::LAB39
SDN:L22::NETT0107,SDN:L05::22
SDN:L22::NETT0126,SDN:L05::22
SDN:L22::NETT0164,SDN:L05::22
SDN:L22::NETT0183,SDN:L05::61
SDN:L22::TOOL1940,SDN:L05::311
SDN:L22::TOOL1478,SDN:L05::393
SDN:L22::TOOL1497,SDN:L05::369
SDN:L22::TOOL1237,SDN:L05::LAB13
SDN:L22::TOOL1256,SDN:L05::FFES
SDN:L22::TOOL0907,SDN:L05::134
SDN:L22::TOOL0926,SDN:L05::POS04
SDN:L22::TOOL2098,SDN:L05::102
SDN:L22::TOOL0945,SDN:L05::134
SDN:L22::TOOL0983,SDN:L05::22
SDN:L22::TOOL0359,SDN:L05::FLXT
SDN:L22::TOOL1015,SDN:L05::102
SDN:L22::TOOL0704,SDN:L05::101
SDN:L22::TOOL0742,SDN:L05::POS04
SDN:L22::TOOL0780,SDN:L05::102
SDN:L22::TOOL0299,SDN:L05::386
SDN:L22::TOOL1649,SDN:L05::LAB51
SDN:L22::TOOL1668,SDN:L05::33
SDN:L22::TOOL1687,SDN:L05::102
SDN:L22::NETT0132,SDN:L05::22
SDN:L22::NETT0151,SDN:L05::22
SDN:L22::NETT0170,SDN:L05::22
SDN:L22::TOOL1427,SDN:L05::LAB01
SDN:L22::TOOL1484,SDN:L05::157
SDN:L22::TOOL1205,SDN:L05::FFES
SDN:L22::TOOL0553,SDN:L05::TFSAMP
SDN:L22::TOOL2009,SDN:L05::157
SDN:L22::TOOL1243,SDN:L05::LAB21
SDN:L22::TOOL1262,SDN:L05::153
SDN:L22::TOOL1281,SDN:L05::157
SDN:L22::TOOL0970,SDN:L05::LAB02
SDN:L22::TOOL1002,SDN:L05::LAB16
SDN:L22::TOOL1021,SDN:L05::LAB16
SDN:L22::TOOL1961,SDN:L05::397
SDN:L22::TOOL1839,SDN:L05::DLOG
SDN:L22::TOOL1877,SDN:L05::FFES
SDN:L22::TOOL0267,SDN:L05::134
SDN:L22::TOOL0890,SDN:L05::156
SDN:L22::TOOL1408,SDN:L05::FFES
SDN:L22::TOOL0319,SDN:L05::156
SDN:L22::TOOL0889,SDN:L05::156
SDN:L22::TOOL0130,SDN:L05::156
SDN:L22::TOOL1364,SDN:L05::156
SDN:L22::TOOL0951,SDN:L05::156
SDN:L22::TOOL0814,SDN:L05::156
SDN:L22::TOOL1543,SDN:L05::156
SDN:L22::TOOL1556,SDN:L05::156
SDN:L22::TOOL0770,SDN:L05::156
SDN:L22::TOOL0891,SDN:L05::156
SDN:L22::TOOL0965,SDN:L05::156
SDN:L22::TOOL1835,SDN:L05::156
SDN:L22::TOOL1617,SDN:L05::385
SDN:L22::TOOL1636,SDN:L05::POS06
SDN:L22::TOOL1655,SDN:L05::134
SDN:L22::NETT0100,SDN:L05::22
SDN:L22::TOOL0026,SDN:L05::114
SDN:L22::TOOL1693,SDN:L05::113
SDN:L22::TOOL0045,SDN:L05::152
SDN:L22::TOOL1414,SDN:L05::392
SDN:L22::TOOL1433,SDN:L05::POS04
SDN:L22::TOOL2218,SDN:L05::LAB35
SDN:L22::TOOL1471,SDN:L05::156
SDN:L22::TOOL1490,SDN:L05::157
SDN:L22::TOOL1211,SDN:L05::LAB15
SDN:L22::TOOL1230,SDN:L05::134
SDN:L22::TOOL2015,SDN:L05::102
SDN:L22::TOOL2053,SDN:L05::311
SDN:L22::TOOL0900,SDN:L05::POS19
SDN:L22::TOOL2091,SDN:L05::POS26
SDN:L22::TOOL0419,SDN:L05::386
SDN:L22::TOOL1061,SDN:L05::308
SDN:L22::TOOL1050,SDN:L05::308
SDN:L22::TOOL1512,SDN:L05::101
SDN:L22::TOOL1072,SDN:L05::308
SDN:L22::TOOL1873,SDN:L05::308
SDN:L22::TOOL1042,SDN:L05::308
SDN:L22::TOOL0695,SDN:L05::308
SDN:L22::TOOL1074,SDN:L05::308
SDN:L22::TOOL1066,SDN:L05::308
SDN:L22::TOOL1053,SDN:L05::308
SDN:L22::TOOL1037,SDN:L05::308
SDN:L22::TOOL0723,SDN:L05::308
SDN:L22::TOOL1060,SDN:L05::308
SDN:L22::TOOL1511,SDN:L05::101
SDN:L22::TOOL1085,SDN:L05::308
SDN:L22::TOOL1091,SDN:L05::308
SDN:L22::TOOL1365,SDN:L05::101
SDN:L22::TOOL1049,SDN:L05::308
SDN:L22::TOOL1035,SDN:L05::308
SDN:L22::TOOL1068,SDN:L05::308
SDN:L22::TOOL1557,SDN:L05::101
SDN:L22::TOOL1067,SDN:L05::308
SDN:L22::TOOL1734,SDN:L05::308
SDN:L22::TOOL1054,SDN:L05::308
SDN:L22::TOOL1073,SDN:L05::308
SDN:L22::TOOL1075,SDN:L05::308
SDN:L22::TOOL0495,SDN:L05::102
SDN:L22::TOOL0618,SDN:L05::102
SDN:L22::TOOL0092,SDN:L05::384
SDN:L22::TOOL0643,SDN:L05::384
SDN:L22::TOOL0642,SDN:L05::384
SDN:L22::TOOL1150,SDN:L05::184
SDN:L22::NETT0069,SDN:L05::22
SDN:L22::TOOL1826,SDN:L05::134
SDN:L22::NETT0088,SDN:L05::22
SDN:L22::TOOL1845,SDN:L05::LAB21
SDN:L22::TOOL0148,SDN:L05::124
SDN:L22::TOOL1903,SDN:L05::124
SDN:L22::TOOL0441,SDN:L05::124
SDN:L22::TOOL0834,SDN:L05::124
SDN:L22::TOOL1902,SDN:L05::124
SDN:L22::TOOL0402,SDN:L05::124
SDN:L22::TOOL0160,SDN:L05::124
SDN:L22::TOOL0003,SDN:L05::124
SDN:L22::TOOL2221,SDN:L05::124
SDN:L22::TOOL2220,SDN:L05::124
SDN:L22::TOOL0273,SDN:L05::156
SDN:L22::TOOL2150,SDN:L05::181
SDN:L22::TOOL0370,SDN:L05::181
SDN:L22::TOOL1898,SDN:L05::181
SDN:L22::TOOL1896,SDN:L05::181
SDN:L22::TOOL0489,SDN:L05::181
SDN:L22::TOOL0528,SDN:L05::181
SDN:L22::TOOL0135,SDN:L05::181
SDN:L22::TOOL1562,SDN:L05::181
SDN:L22::TOOL1642,SDN:L05::114
SDN:L22::TOOL1661,SDN:L05::369
SDN:L22::TOOL1680,SDN:L05::368
SDN:L22::TOOL0573,SDN:L05::58
SDN:L22::TOOL1012,SDN:L05::58
SDN:L22::TOOL0571,SDN:L05::58
SDN:L22::TOOL2048,SDN:L05::58
SDN:L22::TOOL1401,SDN:L05::DLOG
SDN:L22::TOOL1420,SDN:L05::112
SDN:L22::TOOL2205,SDN:L05::369
SDN:L22::TOOL2224,SDN:L05::399
SDN:L22::TOOL0628,SDN:L05::150
SDN:L22::TOOL0647,SDN:L05::102
SDN:L22::TOOL2002,SDN:L05::134
SDN:L22::TOOL2040,SDN:L05::157
SDN:L22::TOOL1124,SDN:L05::WPS
SDN:L22::TOOL1474,SDN:L05::115
SDN:L22::TOOL1009,SDN:L05::115
SDN:L22::TOOL1397,SDN:L05::WPS
SDN:L22::TOOL1207,SDN:L05::134
SDN:L22::TOOL0838,SDN:L05::WPS
SDN:L22::TOOL0846,SDN:L05::WPS
SDN:L22::TOOL1612,SDN:L05::WPS
SDN:L22::TOOL1398,SDN:L05::WPS
SDN:L22::TOOL1475,SDN:L05::134
SDN:L22::TOOL2181,SDN:L05::WPS
SDN:L22::TOOL0852,SDN:L05::WPS
SDN:L22::TOOL1010,SDN:L05::115
SDN:L22::TOOL0977,SDN:L05::134
SDN:L22::TOOL2113,SDN:L05::WPS
SDN:L22::TOOL0839,SDN:L05::WPS
SDN:L22::TOOL2060,SDN:L05::134
SDN:L22::TOOL1827,SDN:L05::WPS
SDN:L22::TOOL0065,SDN:L05::124
SDN:L22::TOOL0425,SDN:L05::124
SDN:L22::TOOL0444,SDN:L05::LAB02
SDN:L22::TOOL1087,SDN:L05::314
SDN:L22::TOOL1081,SDN:L05::314
SDN:L22::TOOL1048,SDN:L05::314
SDN:L22::TOOL1062,SDN:L05::314
SDN:L22::TOOL1040,SDN:L05::314
SDN:L22::TOOL1055,SDN:L05::314
SDN:L22::TOOL1080,SDN:L05::314
SDN:L22::TOOL0463,SDN:L05::LAB15
SDN:L22::NETT0018,SDN:L05::134
SDN:L22::TOOL0482,SDN:L05::POS19
SDN:L22::NETT0037,SDN:L05::22
SDN:L22::NETT0056,SDN:L05::67
SDN:L22::TOOL1813,SDN:L05::355
SDN:L22::NETT0075,SDN:L05::22
SDN:L22::NETT0094,SDN:L05::134
SDN:L22::TOOL1870,SDN:L05::101
SDN:L22::TOOL0222,SDN:L05::102
SDN:L22::TOOL1921,SDN:L05::111
SDN:L22::TOOL0610,SDN:L05::111
SDN:L22::TOOL0099,SDN:L05::111
SDN:L22::TOOL0097,SDN:L05::111
SDN:L22::TOOL0010,SDN:L05::111
SDN:L22::TOOL0014,SDN:L05::111
SDN:L22::TOOL1909,SDN:L05::134
SDN:L22::TOOL0731,SDN:L05::134
SDN:L22::TOOL0686,SDN:L05::111
SDN:L22::TOOL1011,SDN:L05::134
SDN:L22::TOOL0016,SDN:L05::111
SDN:L22::TOOL0169,SDN:L05::111
SDN:L22::TOOL0629,SDN:L05::111
SDN:L22::TOOL0622,SDN:L05::111
SDN:L22::TOOL0096,SDN:L05::111
SDN:L22::TOOL0320,SDN:L05::111
SDN:L22::TOOL0226,SDN:L05::111
SDN:L22::TOOL0015,SDN:L05::111
SDN:L22::TOOL0789,SDN:L05::111
SDN:L22::TOOL0098,SDN:L05::111
SDN:L22::TOOL0685,SDN:L05::134
SDN:L22::TOOL0013,SDN:L05::111
SDN:L22::TOOL0809,SDN:L05::134
SDN:L22::TOOL0680,SDN:L05::111
SDN:L22::TOOL0260,SDN:L05::101
SDN:L22::TOOL2012,SDN:L05::130
SDN:L22::TOOL1422,SDN:L05::130
SDN:L22::TOOL0034,SDN:L05::134
SDN:L22::TOOL0730,SDN:L05::130
SDN:L22::TOOL1883,SDN:L05::130
SDN:L22::TOOL0292,SDN:L05::ICEP
SDN:L22::TOOL1250,SDN:L05::ICEP
SDN:L22::TOOL1610,SDN:L05::388
SDN:L22::TOOL1129,SDN:L05::355
SDN:L22::TOOL1167,SDN:L05::181
SDN:L22::TOOL0818,SDN:L05::59
SDN:L22::TOOL0837,SDN:L05::WPS
SDN:L22::TOOL0856,SDN:L05::130
SDN:L22::TOOL0875,SDN:L05::385
SDN:L22::TOOL2211,SDN:L05::102
SDN:L22::TOOL0894,SDN:L05::102
SDN:L22::TOOL0615,SDN:L05::101
SDN:L22::NETT0208,SDN:L05::74
SDN:L22::TOOL0672,SDN:L05::102
SDN:L22::TOOL0691,SDN:L05::101
SDN:L22::TOOL0934,SDN:L05::POS03
SDN:L22::TOOL1606,SDN:L05::POS04
SDN:L22::TOOL0802,SDN:L05::POS04
SDN:L22::TOOL0078,SDN:L05::POS03
SDN:L22::TOOL1620,SDN:L05::385
SDN:L22::TOOL0390,SDN:L05::POS03
SDN:L22::TOOL0457,SDN:L05::POS03
SDN:L22::TOOL0933,SDN:L05::POS03
SDN:L22::TOOL1860,SDN:L05::POS03
SDN:L22::TOOL1899,SDN:L05::POS03
SDN:L22::TOOL0800,SDN:L05::POS03
SDN:L22::TOOL0801,SDN:L05::POS04
SDN:L22::TOOL1251,SDN:L05::159
SDN:L22::TOOL0761,SDN:L05::POS03
SDN:L22::TOOL0313,SDN:L05::POS03
SDN:L22::TOOL0758,SDN:L05::POS03
SDN:L22::TOOL0769,SDN:L05::POS03
SDN:L22::TOOL0199,SDN:L05::POS03
SDN:L22::TOOL0935,SDN:L05::POS03
SDN:L22::TOOL1910,SDN:L05::POS03
SDN:L22::TOOL1554,SDN:L05::POS04
SDN:L22::TOOL0768,SDN:L05::POS03
SDN:L22::TOOL1224,SDN:L05::385
SDN:L22::TOOL1633,SDN:L05::301
SDN:L22::TOOL1627,SDN:L05::301
SDN:L22::TOOL2072,SDN:L05::POS04
SDN:L22::TOOL1626,SDN:L05::301
SDN:L22::TOOL1625,SDN:L05::301
SDN:L22::TOOL1624,SDN:L05::301
SDN:L22::TOOL1579,SDN:L05::LAB27
SDN:L22::NETT0005,SDN:L05::68
SDN:L22::NETT0024,SDN:L05::22
SDN:L22::NETT0043,SDN:L05::23
SDN:L22::TOOL1800,SDN:L05::183
SDN:L22::NETT0062,SDN:L05::67
SDN:L22::TOOL1709,SDN:L05::SPRK
SDN:L22::TOOL1196,SDN:L05::SPRK
SDN:L22::TOOL0831,SDN:L05::BOMR
SDN:L22::NETT0081,SDN:L05::134
SDN:L22::TOOL1357,SDN:L05::183
SDN:L22::TOOL0296,SDN:L05::ATRANS
SDN:L22::TOOL1832,SDN:L05::ATRANS
SDN:L22::TOOL0609,SDN:L05::381
SDN:L22::TOOL2177,SDN:L05::13
SDN:L22::TOOL0554,SDN:L05::13
SDN:L22::TOOL0406,SDN:L05::58
SDN:L22::TOOL1192,SDN:L05::LAB22
SDN:L22::TOOL1960,SDN:L05::32
SDN:L22::TOOL0824,SDN:L05::LAB20
SDN:L22::TOOL0806,SDN:L05::51
SDN:L22::TOOL1999,SDN:L05::51
SDN:L22::TOOL1486,SDN:L05::51
SDN:L22::TOOL2006,SDN:L05::51
SDN:L22::TOOL1536,SDN:L05::51
SDN:L22::TOOL0472,SDN:L05::51
SDN:L22::TOOL2213,SDN:L05::51
SDN:L22::TOOL1376,SDN:L05::51
SDN:L22::TOOL2003,SDN:L05::51
SDN:L22::TOOL2047,SDN:L05::51
SDN:L22::TOOL1177,SDN:L05::51
SDN:L22::TOOL1173,SDN:L05::51
SDN:L22::TOOL1199,SDN:L05::51
SDN:L22::TOOL1994,SDN:L05::51
SDN:L22::TOOL2018,SDN:L05::51
SDN:L22::TOOL1468,SDN:L05::51
SDN:L22::TOOL1537,SDN:L05::51
SDN:L22::TOOL1174,SDN:L05::51
SDN:L22::TOOL1644,SDN:L05::51
SDN:L22::TOOL2005,SDN:L05::51
SDN:L22::TOOL1176,SDN:L05::51
SDN:L22::TOOL1485,SDN:L05::51
SDN:L22::TOOL2028,SDN:L05::51
SDN:L22::TOOL1998,SDN:L05::51
SDN:L22::TOOL1175,SDN:L05::51
SDN:L22::TOOL2004,SDN:L05::51
SDN:L22::TOOL0807,SDN:L05::51
SDN:L22::TOOL1560,SDN:L05::51
SDN:L22::TOOL1169,SDN:L05::51
SDN:L22::TOOL2029,SDN:L05::51
SDN:L22::TOOL0843,SDN:L05::58
SDN:L22::TOOL0862,SDN:L05::POS03
SDN:L22::TOOL0881,SDN:L05::115
SDN:L22::TOOL0621,SDN:L05::134
SDN:L22::TOOL1118,SDN:L05::LAB16
SDN:L22::TOOL0560,SDN:L05::LAB16
SDN:L22::TOOL1149,SDN:L05::LAB19
SDN:L22::TOOL0640,SDN:L05::134
SDN:L22::TOOL0517,SDN:L05::LAB38
SDN:L22::TOOL1769,SDN:L05::102
SDN:L22::TOOL0197,SDN:L05::101
SDN:L22::TOOL1528,SDN:L05::157
SDN:L22::TOOL1547,SDN:L05::POS04
SDN:L22::TOOL1566,SDN:L05::LAB27
SDN:L22::TOOL1585,SDN:L05::150
SDN:L22::NETT0011,SDN:L05::22
SDN:L22::NETT0030,SDN:L05::22
SDN:L22::TOOL1344,SDN:L05::157
SDN:L22::TOOL1363,SDN:L05::MPIS
SDN:L22::TOOL2186,SDN:L05::102
SDN:L22::TOOL1103,SDN:L05::181
SDN:L22::TOOL1122,SDN:L05::134
SDN:L22::TOOL1160,SDN:L05::369
SDN:L22::TOOL0830,SDN:L05::111
SDN:L22::TOOL1959,SDN:L05::311
SDN:L22::TOOL1978,SDN:L05::LAB01
SDN:L22::TOOL1997,SDN:L05::51
SDN:L22::TOOL0349,SDN:L05::POS04
SDN:L22::TOOL0368,SDN:L05::113
SDN:L22::TOOL0387,SDN:L05::111
SDN:L22::TOOL1880,SDN:L05::LAB06
SDN:L22::TOOL1756,SDN:L05::SPRK
SDN:L22::TOOL1775,SDN:L05::DLOG
SDN:L22::NETT0201,SDN:L05::22
SDN:L22::TOOL0127,SDN:L05::101
SDN:L22::TOOL1794,SDN:L05::DLOG
SDN:L22::TOOL1515,SDN:L05::DLOG
SDN:L22::TOOL1534,SDN:L05::311
SDN:L22::TOOL1553,SDN:L05::POS04
SDN:L22::TOOL1572,SDN:L05::LAB27
SDN:L22::TOOL0799,SDN:L05::POS04
SDN:L22::TOOL1350,SDN:L05::DLOG
SDN:L22::TOOL2110,SDN:L05::150
SDN:L22::TOOL2154,SDN:L05::150
SDN:L22::TOOL2173,SDN:L05::WPS
SDN:L22::TOOL2192,SDN:L05::381
SDN:L22::TOOL0558,SDN:L05::LAB02
SDN:L22::TOOL0577,SDN:L05::114
SDN:L22::TOOL0596,SDN:L05::114
SDN:L22::TOOL1908,SDN:L05::134
SDN:L22::TOOL1927,SDN:L05::311
SDN:L22::TOOL1946,SDN:L05::311
SDN:L22::TOOL1965,SDN:L05::311
SDN:L22::TOOL1984,SDN:L05::LAB02
SDN:L22::TOOL0374,SDN:L05::385
SDN:L22::TOOL1807,SDN:L05::113
SDN:L22::TOOL0393,SDN:L05::113
SDN:L22::TOOL1724,SDN:L05::102
SDN:L22::TOOL1851,SDN:L05::LAB12
SDN:L22::TOOL1329,SDN:L05::LAB12
SDN:L22::TOOL1131,SDN:L05::LAB12
SDN:L22::TOOL0568,SDN:L05::LAB12
SDN:L22::TOOL0967,SDN:L05::LAB12
SDN:L22::TOOL1148,SDN:L05::LAB12
SDN:L22::TOOL0630,SDN:L05::LAB12
SDN:L22::TOOL1864,SDN:L05::LAB12
SDN:L22::TOOL1145,SDN:L05::LAB12
SDN:L22::TOOL1968,SDN:L05::LAB12
SDN:L22::TOOL1743,SDN:L05::LAB06
SDN:L22::TOOL0656,SDN:L05::LAB31
SDN:L22::TOOL1762,SDN:L05::156
SDN:L22::TOOL0114,SDN:L05::124
SDN:L22::TOOL0171,SDN:L05::114
SDN:L22::TOOL1521,SDN:L05::POS25
SDN:L22::TOOL0989,SDN:L05::22
SDN:L22::TOOL1059,SDN:L05::309
SDN:L22::TOOL1097,SDN:L05::102
SDN:L22::TOOL0748,SDN:L05::115
SDN:L22::TOOL0767,SDN:L05::POS04
SDN:L22::TOOL0786,SDN:L05::33
SDN:L22::TOOL2122,SDN:L05::DLOG
SDN:L22::TOOL2107,SDN:L05::150
SDN:L22::TOOL2141,SDN:L05::150
SDN:L22::TOOL2160,SDN:L05::LAB47
SDN:L22::TOOL0507,SDN:L05::84
SDN:L22::TOOL0583,SDN:L05::114
SDN:L22::NETT0138,SDN:L05::22
SDN:L22::TOOL1914,SDN:L05::LAB52
SDN:L22::NETT0176,SDN:L05::22
SDN:L22::TOOL1933,SDN:L05::311
SDN:L22::NETT0195,SDN:L05::61
SDN:L22::TOOL1952,SDN:L05::311
SDN:L22::TOOL0304,SDN:L05::POS19
SDN:L22::TOOL1971,SDN:L05::311
SDN:L22::TOOL1094,SDN:L05::92
SDN:L22::TOOL1023,SDN:L05::92
SDN:L22::TOOL0380,SDN:L05::181
SDN:L22::TOOL1730,SDN:L05::102
SDN:L22::TOOL1268,SDN:L05::134
SDN:L22::TOOL1287,SDN:L05::132
SDN:L22::TOOL0938,SDN:L05::115
SDN:L22::TOOL0957,SDN:L05::134
SDN:L22::TOOL0976,SDN:L05::LAB02
SDN:L22::TOOL0995,SDN:L05::22
SDN:L22::TOOL1065,SDN:L05::308
SDN:L22::TOOL1084,SDN:L05::308
SDN:L22::TOOL0735,SDN:L05::POS03
SDN:L22::TOOL0754,SDN:L05::385
SDN:L22::TOOL0773,SDN:L05::157
SDN:L22::TOOL0792,SDN:L05::POS04
SDN:L22::TOOL0532,SDN:L05::LAB01
SDN:L22::TOOL0551,SDN:L05::13
SDN:L22::NETT0106,SDN:L05::22
SDN:L22::TOOL0570,SDN:L05::124
SDN:L22::TOOL1699,SDN:L05::POS04
SDN:L22::NETT0125,SDN:L05::22
SDN:L22::NETT0144,SDN:L05::22
SDN:L22::NETT0163,SDN:L05::22
SDN:L22::TOOL0477,SDN:L05::134
SDN:L22::TOOL0089,SDN:L05::114
SDN:L22::TOOL0476,SDN:L05::134
SDN:L22::TOOL1439,SDN:L05::113
SDN:L22::TOOL1477,SDN:L05::393
SDN:L22::TOOL1236,SDN:L05::LAB02
SDN:L22::TOOL1255,SDN:L05::367
SDN:L22::TOOL1274,SDN:L05::68
SDN:L22::TOOL2059,SDN:L05::WPS
SDN:L22::TOOL0906,SDN:L05::134
SDN:L22::TOOL1293,SDN:L05::355
SDN:L22::TOOL2078,SDN:L05::LAB06
SDN:L22::TOOL0925,SDN:L05::101
SDN:L22::TOOL2097,SDN:L05::LAB16
SDN:L22::TOOL0944,SDN:L05::LAB16
SDN:L22::TOOL0982,SDN:L05::22
SDN:L22::TOOL1014,SDN:L05::LAB12
SDN:L22::TOOL1033,SDN:L05::LAB01
SDN:L22::TOOL1052,SDN:L05::308
SDN:L22::TOOL1071,SDN:L05::309
SDN:L22::TOOL0703,SDN:L05::308
SDN:L22::TOOL1090,SDN:L05::308
SDN:L22::TOOL0722,SDN:L05::308
SDN:L22::TOOL0741,SDN:L05::102
SDN:L22::TOOL0760,SDN:L05::POS03
SDN:L22::TOOL1889,SDN:L05::311
SDN:L22::TOOL0298,SDN:L05::386
SDN:L22::TOOL0500,SDN:L05::84
SDN:L22::TOOL1629,SDN:L05::113
SDN:L22::TOOL1648,SDN:L05::DLOG
SDN:L22::TOOL1667,SDN:L05::369
SDN:L22::TOOL1686,SDN:L05::101
SDN:L22::NETT0131,SDN:L05::22
SDN:L22::TOOL0057,SDN:L05::114
SDN:L22::NETT0150,SDN:L05::23
SDN:L22::TOOL0095,SDN:L05::111
SDN:L22::TOOL1407,SDN:L05::LAB06
SDN:L22::TOOL1445,SDN:L05::FFES
SDN:L22::TOOL1204,SDN:L05::51
SDN:L22::TOOL2008,SDN:L05::51
SDN:L22::TOOL2027,SDN:L05::102
SDN:L22::TOOL1261,SDN:L05::369
SDN:L22::TOOL2046,SDN:L05::51
SDN:L22::TOOL1280,SDN:L05::POS04
SDN:L22::TOOL2065,SDN:L05::LAB20
SDN:L22::TOOL0912,SDN:L05::308
SDN:L22::TOOL2084,SDN:L05::308
SDN:L22::TOOL0403,SDN:L05::134
SDN:L22::TOOL0931,SDN:L05::WPS
SDN:L22::TOOL0950,SDN:L05::156
SDN:L22::TOOL1001,SDN:L05::102
SDN:L22::TOOL0469,SDN:L05::84
SDN:L22::TOOL1020,SDN:L05::LAB16
SDN:L22::TOOL1819,SDN:L05::MPIS
SDN:L22::TOOL0859,SDN:L05::396
SDN:L22::TOOL1480,SDN:L05::396
SDN:L22::TOOL1876,SDN:L05::156
SDN:L22::TOOL0228,SDN:L05::134
SDN:L22::TOOL0266,SDN:L05::134
SDN:L22::TOOL1257,SDN:L05::155
SDN:L22::TOOL1616,SDN:L05::159
SDN:L22::TOOL1635,SDN:L05::388
SDN:L22::TOOL1673,SDN:L05::102
SDN:L22::TOOL0025,SDN:L05::111
SDN:L22::TOOL1692,SDN:L05::113
SDN:L22::TOOL0044,SDN:L05::124
SDN:L22::TOOL1413,SDN:L05::392
SDN:L22::TOOL1432,SDN:L05::102
SDN:L22::TOOL0659,SDN:L05::LAB45
SDN:L22::TOOL0678,SDN:L05::102
SDN:L22::TOOL2014,SDN:L05::DLOG
SDN:L22::TOOL000X,SDN:L05::182
SDN:L22::TOOL0697,SDN:L05::121
SDN:L22::TOOL2033,SDN:L05::86
SDN:L22::TOOL2052,SDN:L05::311
SDN:L22::TOOL2071,SDN:L05::388
SDN:L22::TOOL2090,SDN:L05::POS04
SDN:L22::TOOL0437,SDN:L05::353
SDN:L22::TOOL1351,SDN:L05::307
SDN:L22::TOOL1353,SDN:L05::307
SDN:L22::TOOL1591,SDN:L05::307
SDN:L22::TOOL1352,SDN:L05::307
SDN:L22::TOOL0456,SDN:L05::POS04
SDN:L22::TOOL0475,SDN:L05::134
SDN:L22::TOOL0494,SDN:L05::102
SDN:L22::NETT0049,SDN:L05::388
SDN:L22::TOOL1806,SDN:L05::LAB01
SDN:L22::TOOL1665,SDN:L05::383
SDN:L22::NETT0068,SDN:L05::67
SDN:L22::TOOL1825,SDN:L05::394
SDN:L22::TOOL1844,SDN:L05::352
SDN:L22::TOOL1882,SDN:L05::368
SDN:L22::TOOL1391,SDN:L05::123
SDN:L22::TOOL0452,SDN:L05::123
SDN:L22::TOOL1312,SDN:L05::123
SDN:L22::TOOL1531,SDN:L05::123
SDN:L22::TOOL0408,SDN:L05::113
SDN:L22::TOOL0954,SDN:L05::123
SDN:L22::TOOL0426,SDN:L05::123
SDN:L22::TOOL1282,SDN:L05::123
SDN:L22::TOOL1390,SDN:L05::123
SDN:L22::TOOL1985,SDN:L05::123
SDN:L22::TOOL0879,SDN:L05::123
SDN:L22::TOOL2149,SDN:L05::113
SDN:L22::TOOL0066,SDN:L05::113
SDN:L22::TOOL2031,SDN:L05::113
SDN:L22::TOOL1766,SDN:L05::123
SDN:L22::TOOL0141,SDN:L05::113
SDN:L22::TOOL0104,SDN:L05::123
SDN:L22::TOOL1125,SDN:L05::123
SDN:L22::TOOL1302,SDN:L05::123
SDN:L22::TOOL0401,SDN:L05::123
SDN:L22::TOOL1283,SDN:L05::123
SDN:L22::TOOL1315,SDN:L05::123
SDN:L22::TOOL1409,SDN:L05::123
SDN:L22::TOOL0060,SDN:L05::123
SDN:L22::TOOL0215,SDN:L05::123
SDN:L22::TOOL1284,SDN:L05::123
SDN:L22::TOOL1316,SDN:L05::123
SDN:L22::TOOL1314,SDN:L05::123
SDN:L22::TOOL1496,SDN:L05::123
SDN:L22::TOOL1320,SDN:L05::123
SDN:L22::TOOL1838,SDN:L05::123
SDN:L22::TOOL0673,SDN:L05::123
SDN:L22::TOOL1747,SDN:L05::113
SDN:L22::TOOL0579,SDN:L05::123
SDN:L22::TOOL0674,SDN:L05::123
SDN:L22::TOOL1911,SDN:L05::123
SDN:L22::TOOL1313,SDN:L05::123
SDN:L22::TOOL1141,SDN:L05::123
SDN:L22::TOOL1309,SDN:L05::123
SDN:L22::TOOL1603,SDN:L05::353
SDN:L22::TOOL1269,SDN:L05::311
SDN:L22::TOOL1271,SDN:L05::311
SDN:L22::TOOL1289,SDN:L05::180
SDN:L22::TOOL1270,SDN:L05::311
SDN:L22::TOOL1201,SDN:L05::311
SDN:L22::TOOL1275,SDN:L05::180
SDN:L22::TOOL1338,SDN:L05::180
SDN:L22::TOOL1622,SDN:L05::113
SDN:L22::TOOL1641,SDN:L05::102
SDN:L22::TOOL1660,SDN:L05::369
SDN:L22::TOOL0012,SDN:L05::111
SDN:L22::TOOL0031,SDN:L05::111
SDN:L22::TOOL1179,SDN:L05::51
SDN:L22::TOOL1198,SDN:L05::369
SDN:L22::TOOL0849,SDN:L05::LAB01
SDN:L22::TOOL1400,SDN:L05::114
SDN:L22::TOOL0868,SDN:L05::185
SDN:L22::TOOL2204,SDN:L05::369
SDN:L22::TOOL0887,SDN:L05::134
SDN:L22::TOOL0888,SDN:L05::115
SDN:L22::TOOL2223,SDN:L05::134
SDN:L22::TOOL0608,SDN:L05::CCOV
SDN:L22::TOOL0646,SDN:L05::102
SDN:L22::TOOL0665,SDN:L05::134
SDN:L22::TOOL2001,SDN:L05::LAB21
SDN:L22::TOOL0684,SDN:L05::134
SDN:L22::TOOL0462,SDN:L05::LAB15
SDN:L22::NETT0017,SDN:L05::388
SDN:L22::TOOL0481,SDN:L05::LAB12
SDN:L22::TOOL1119,SDN:L05::351
SDN:L22::TOOL0036,SDN:L05::351
SDN:L22::TOOL1674,SDN:L05::351
SDN:L22::TOOL0277,SDN:L05::351
SDN:L22::TOOL1920,SDN:L05::351
SDN:L22::TOOL0679,SDN:L05::351
SDN:L22::TOOL0369,SDN:L05::351
SDN:L22::TOOL1732,SDN:L05::351
SDN:L22::TOOL2163,SDN:L05::351
SDN:L22::TOOL0103,SDN:L05::351
SDN:L22::TOOL1509,SDN:L05::351
SDN:L22::TOOL1483,SDN:L05::351
SDN:L22::TOOL1992,SDN:L05::EQUIL
SDN:L22::TOOL0739,SDN:L05::351
SDN:L22::TOOL1426,SDN:L05::351
SDN:L22::TOOL1240,SDN:L05::351
SDN:L22::TOOL0549,SDN:L05::134
SDN:L22::TOOL1244,SDN:L05::351
SDN:L22::TOOL1242,SDN:L05::351
SDN:L22::TOOL0102,SDN:L05::351
SDN:L22::TOOL1218,SDN:L05::351
SDN:L22::TOOL1137,SDN:L05::351
SDN:L22::TOOL1144,SDN:L05::351
SDN:L22::TOOL0805,SDN:L05::351
SDN:L22::TOOL2094,SDN:L05::351
SDN:L22::TOOL1421,SDN:L05::351
SDN:L22::TOOL1233,SDN:L05::351
SDN:L22::TOOL1354,SDN:L05::351
SDN:L22::TOOL1358,SDN:L05::351
SDN:L22::TOOL1783,SDN:L05::134
SDN:L22::TOOL1718,SDN:L05::384
SDN:L22::TOOL1319,SDN:L05::351
SDN:L22::TOOL0405,SDN:L05::351
SDN:L22::TOOL1542,SDN:L05::351
SDN:L22::TOOL0826,SDN:L05::351
SDN:L22::TOOL1540,SDN:L05::351
SDN:L22::TOOL1294,SDN:L05::134
SDN:L22::TOOL1303,SDN:L05::351
SDN:L22::TOOL2111,SDN:L05::351
SDN:L22::TOOL1901,SDN:L05::351
SDN:L22::TOOL0039,SDN:L05::351
SDN:L22::TOOL1887,SDN:L05::351
SDN:L22::TOOL1810,SDN:L05::351
SDN:L22::TOOL1239,SDN:L05::351
SDN:L22::TOOL0101,SDN:L05::351
SDN:L22::NETT0036,SDN:L05::22
SDN:L22::NETT0055,SDN:L05::67
SDN:L22::TOOL1812,SDN:L05::355
SDN:L22::NETT0074,SDN:L05::22
SDN:L22::NETT0093,SDN:L05::22
SDN:L22::TOOL1850,SDN:L05::157
SDN:L22::TOOL0221,SDN:L05::381
SDN:L22::TOOL2124,SDN:L05::92
SDN:L22::TOOL0361,SDN:L05::110
SDN:L22::TOOL0268,SDN:L05::110
SDN:L22::TOOL0999,SDN:L05::110
SDN:L22::TOOL0710,SDN:L05::110
SDN:L22::TOOL0896,SDN:L05::115
SDN:L22::TOOL0898,SDN:L05::115
SDN:L22::TOOL0781,SDN:L05::110
SDN:L22::TOOL0331,SDN:L05::110
SDN:L22::TOOL2123,SDN:L05::92
SDN:L22::TOOL1093,SDN:L05::110
SDN:L22::TOOL0895,SDN:L05::115
SDN:L22::TOOL1325,SDN:L05::110
SDN:L22::TOOL2130,SDN:L05::110
SDN:L22::TOOL0612,SDN:L05::110
SDN:L22::TOOL0897,SDN:L05::115
SDN:L22::TOOL0603,SDN:L05::303
SDN:L22::TOOL0636,SDN:L05::110
SDN:L22::TOOL1027,SDN:L05::110
SDN:L22::TOOL0264,SDN:L05::110
SDN:L22::TOOL1781,SDN:L05::110
SDN:L22::TOOL0729,SDN:L05::111
SDN:L22::TOOL1366,SDN:L05::303
SDN:L22::TOOL1369,SDN:L05::150
SDN:L22::TOOL1109,SDN:L05::368
SDN:L22::TOOL1128,SDN:L05::LAB01
SDN:L22::TOOL1147,SDN:L05::LAB20
SDN:L22::TOOL1185,SDN:L05::DLOG
SDN:L22::TOOL0817,SDN:L05::59
SDN:L22::TOOL2126,SDN:L05::134
SDN:L22::TOOL1523,SDN:L05::TRTG
SDN:L22::TOOL2125,SDN:L05::TRTG
SDN:L22::TOOL1263,SDN:L05::TRTG
SDN:L22::TOOL1740,SDN:L05::TRTG
SDN:L22::TOOL1154,SDN:L05::TRTG
SDN:L22::TOOL0929,SDN:L05::TRTG
SDN:L22::TOOL1155,SDN:L05::TRTG
SDN:L22::TOOL1788,SDN:L05::369
SDN:L22::TOOL1158,SDN:L05::TRTG
SDN:L22::TOOL1156,SDN:L05::TRTG
SDN:L22::TOOL1157,SDN:L05::TRTG
SDN:L22::TOOL0836,SDN:L05::351
SDN:L22::TOOL1575,SDN:L05::63
SDN:L22::TOOL1574,SDN:L05::63
SDN:L22::TOOL0855,SDN:L05::150
SDN:L22::TOOL0874,SDN:L05::159
SDN:L22::TOOL2210,SDN:L05::101
SDN:L22::TOOL0893,SDN:L05::102
SDN:L22::TOOL0633,SDN:L05::LAB12
SDN:L22::NETT0207,SDN:L05::74
SDN:L22::TOOL0671,SDN:L05::381
SDN:L22::TOOL0690,SDN:L05::102
SDN:L22::TOOL2034,SDN:L05::POS02
SDN:L22::TOOL1348,SDN:L05::POS02
SDN:L22::TOOL1645,SDN:L05::367
SDN:L22::TOOL2162,SDN:L05::POS02
SDN:L22::TOOL0388,SDN:L05::POS03
SDN:L22::TOOL1664,SDN:L05::385
SDN:L22::TOOL1623,SDN:L05::POS19
SDN:L22::TOOL2025,SDN:L05::POS19
SDN:L22::TOOL2086,SDN:L05::POS02
SDN:L22::TOOL2129,SDN:L05::POS02
SDN:L22::TOOL1446,SDN:L05::POS02
SDN:L22::TOOL2085,SDN:L05::POS02
SDN:L22::TOOL0698,SDN:L05::POS04
SDN:L22::TOOL1822,SDN:L05::POS19
SDN:L22::TOOL1227,SDN:L05::POS25
SDN:L22::TOOL2135,SDN:L05::POS02
SDN:L22::TOOL0491,SDN:L05::POS04
SDN:L22::TOOL2137,SDN:L05::POS02
SDN:L22::TOOL2167,SDN:L05::POS03
SDN:L22::TOOL1791,SDN:L05::POS02
SDN:L22::TOOL0430,SDN:L05::124
SDN:L22::TOOL1559,SDN:L05::101
SDN:L22::TOOL1578,SDN:L05::150
SDN:L22::NETT0023,SDN:L05::22
SDN:L22::NETT0061,SDN:L05::67
SDN:L22::NETT0080,SDN:L05::22
SDN:L22::TOOL1337,SDN:L05::LAB40
SDN:L22::TOOL1356,SDN:L05::LAB12
SDN:L22::TOOL1375,SDN:L05::51
SDN:L22::TOOL2179,SDN:L05::351
SDN:L22::TOOL1115,SDN:L05::LAB12
SDN:L22::TOOL1134,SDN:L05::LAB16
SDN:L22::TOOL1153,SDN:L05::TRTG
SDN:L22::TOOL1172,SDN:L05::51
SDN:L22::TOOL0804,SDN:L05::111
SDN:L22::TOOL1191,SDN:L05::51
SDN:L22::TOOL1405,SDN:L05::31
SDN:L22::TOOL1321,SDN:L05::351
SDN:L22::TOOL2068,SDN:L05::31
SDN:L22::TOOL2067,SDN:L05::351
SDN:L22::TOOL0555,SDN:L05::31
SDN:L22::TOOL1377,SDN:L05::84
SDN:L22::TOOL0561,SDN:L05::31
SDN:L22::TOOL1727,SDN:L05::31
SDN:L22::TOOL2217,SDN:L05::31
SDN:L22::TOOL0413,SDN:L05::31
SDN:L22::TOOL2214,SDN:L05::31
SDN:L22::TOOL0539,SDN:L05::31
SDN:L22::TOOL1135,SDN:L05::31
SDN:L22::TOOL0823,SDN:L05::134
SDN:L22::TOOL0960,SDN:L05::50
SDN:L22::TOOL0653,SDN:L05::50
SDN:L22::TOOL1215,SDN:L05::50
SDN:L22::TOOL0961,SDN:L05::50
SDN:L22::TOOL1535,SDN:L05::50
SDN:L22::TOOL1214,SDN:L05::50
SDN:L22::TOOL1487,SDN:L05::50
SDN:L22::TOOL0963,SDN:L05::50
SDN:L22::TOOL0788,SDN:L05::50
SDN:L22::TOOL0842,SDN:L05::LAB02
SDN:L22::TOOL0861,SDN:L05::130
SDN:L22::TOOL0880,SDN:L05::POS25
SDN:L22::TOOL0617,SDN:L05::102
SDN:L22::TOOL0399,SDN:L05::102
SDN:L22::TOOL0601,SDN:L05::POS03
SDN:L22::TOOL0620,SDN:L05::134
SDN:L22::TOOL1749,SDN:L05::LAB16
SDN:L22::TOOL1782,SDN:L05::LAB37
SDN:L22::TOOL1711,SDN:L05::LAB37
SDN:L22::TOOL1132,SDN:L05::LAB37
SDN:L22::TOOL1210,SDN:L05::LAB37
SDN:L22::TOOL0521,SDN:L05::LAB37
SDN:L22::TOOL1768,SDN:L05::DLOG
SDN:L22::TOOL1787,SDN:L05::POS19
SDN:L22::TOOL0139,SDN:L05::351
SDN:L22::TOOL0158,SDN:L05::115
SDN:L22::TOOL0196,SDN:L05::102
SDN:L22::TOOL1508,SDN:L05::130
SDN:L22::TOOL1527,SDN:L05::51
SDN:L22::TOOL1546,SDN:L05::LAB25
SDN:L22::TOOL1565,SDN:L05::LAB27
SDN:L22::TOOL1584,SDN:L05::150
SDN:L22::NETT0010,SDN:L05::22
SDN:L22::TOOL1324,SDN:L05::110
SDN:L22::TOOL2109,SDN:L05::150
SDN:L22::TOOL1650,SDN:L05::150
SDN:L22::TOOL2106,SDN:L05::150
SDN:L22::TOOL1343,SDN:L05::157
SDN:L22::TOOL2128,SDN:L05::385
SDN:L22::TOOL1362,SDN:L05::LAB20
SDN:L22::TOOL2166,SDN:L05::LAB15
SDN:L22::TOOL2185,SDN:L05::WPS
SDN:L22::TOOL1102,SDN:L05::LAB37
SDN:L22::TOOL1121,SDN:L05::385
SDN:L22::TOOL1140,SDN:L05::355
SDN:L22::TOOL1939,SDN:L05::311
SDN:L22::TOOL1958,SDN:L05::110
SDN:L22::TOOL1977,SDN:L05::123
SDN:L22::TOOL1713,SDN:L05::123
SDN:L22::TOOL1996,SDN:L05::134
SDN:L22::TOOL0348,SDN:L05::POS04
SDN:L22::TOOL0367,SDN:L05::113
SDN:L22::TOOL0386,SDN:L05::157
SDN:L22::TOOL1717,SDN:L05::134
SDN:L22::TOOL1307,SDN:L05::LAB06
SDN:L22::TOOL1092,SDN:L05::LAB05
SDN:L22::TOOL1034,SDN:L05::LAB05
SDN:L22::TOOL1308,SDN:L05::LAB06
SDN:L22::TOOL1736,SDN:L05::DLOG
SDN:L22::TOOL1755,SDN:L05::SPRK
SDN:L22::TOOL1411,SDN:L05::LAB50
SDN:L22::TOOL0825,SDN:L05::LAB43
SDN:L22::TOOL1774,SDN:L05::115
SDN:L22::TOOL0126,SDN:L05::101
SDN:L22::NETT0200,SDN:L05::22
SDN:L22::TOOL1793,SDN:L05::385
SDN:L22::TOOL0145,SDN:L05::113
SDN:L22::TOOL1514,SDN:L05::385
SDN:L22::TOOL1533,SDN:L05::50
SDN:L22::TOOL1552,SDN:L05::115
SDN:L22::TOOL1571,SDN:L05::LAB27
SDN:L22::TOOL1590,SDN:L05::351
SDN:L22::TOOL1311,SDN:L05::123
SDN:L22::TOOL1330,SDN:L05::183
SDN:L22::TOOL0779,SDN:L05::102
SDN:L22::TOOL2115,SDN:L05::311
SDN:L22::TOOL0798,SDN:L05::POS04
SDN:L22::TOOL2134,SDN:L05::LAB37
SDN:L22::TOOL2172,SDN:L05::LAB20
SDN:L22::TOOL2191,SDN:L05::LAB15
SDN:L22::TOOL0519,SDN:L05::LAB37
SDN:L22::TOOL0576,SDN:L05::384
SDN:L22::TOOL0595,SDN:L05::LAB12
SDN:L22::TOOL1907,SDN:L05::113
SDN:L22::NETT0169,SDN:L05::22
SDN:L22::TOOL1926,SDN:L05::130
SDN:L22::TOOL1945,SDN:L05::311
SDN:L22::TOOL1964,SDN:L05::311
SDN:L22::TOOL1983,SDN:L05::LAB14
SDN:L22::TOOL0335,SDN:L05::111
SDN:L22::TOOL0373,SDN:L05::385
SDN:L22::TOOL0392,SDN:L05::134
SDN:L22::TOOL1335,SDN:L05::LAB33
SDN:L22::TOOL2158,SDN:L05::113
SDN:L22::TOOL1142,SDN:L05::LAB11
SDN:L22::TOOL0650,SDN:L05::LAB11
SDN:L22::TOOL1742,SDN:L05::LAB24
SDN:L22::TOOL0240,SDN:L05::LAB30
SDN:L22::TOOL0242,SDN:L05::LAB30
SDN:L22::TOOL1863,SDN:L05::LAB30
SDN:L22::TOOL0454,SDN:L05::LAB30
SDN:L22::TOOL1987,SDN:L05::LAB30
SDN:L22::TOOL0241,SDN:L05::LAB30
SDN:L22::TOOL1761,SDN:L05::LAB01
SDN:L22::TOOL0170,SDN:L05::181
SDN:L22::TOOL1299,SDN:L05::POS04
SDN:L22::TOOL1501,SDN:L05::157
SDN:L22::TOOL1520,SDN:L05::101
SDN:L22::TOOL0969,SDN:L05::351
SDN:L22::TOOL0988,SDN:L05::22
SDN:L22::TOOL1039,SDN:L05::314
SDN:L22::TOOL1058,SDN:L05::308
SDN:L22::TOOL1077,SDN:L05::309
SDN:L22::TOOL0709,SDN:L05::110
SDN:L22::TOOL1096,SDN:L05::102
SDN:L22::TOOL0728,SDN:L05::134
SDN:L22::TOOL0747,SDN:L05::115
SDN:L22::TOOL0766,SDN:L05::POS04
SDN:L22::TOOL0785,SDN:L05::33
SDN:L22::TOOLZZZ,SDN:L05::999
SDN:L22::TOOL2140,SDN:L05::381
SDN:L22::TOOL0525,SDN:L05::LAB38
SDN:L22::TOOL0563,SDN:L05::58
SDN:L22::TOOL0582,SDN:L05::102
SDN:L22::NETT0137,SDN:L05::22
SDN:L22::TOOL1932,SDN:L05::311
SDN:L22::TOOL1951,SDN:L05::311
SDN:L22::TOOL0303,SDN:L05::111
SDN:L22::TOOL1970,SDN:L05::311
SDN:L22::TOOL1489,SDN:L05::157
SDN:L22::TOOL1710,SDN:L05::150
SDN:L22::TOOL1229,SDN:L05::311
SDN:L22::TOOL1248,SDN:L05::351
SDN:L22::TOOL0416,SDN:L05::134
SDN:L22::TOOL1267,SDN:L05::WPS
SDN:L22::TOOL1286,SDN:L05::115
SDN:L22::TOOL0937,SDN:L05::385
SDN:L22::TOOL0956,SDN:L05::159
SDN:L22::TOOL0975,SDN:L05::LAB47
SDN:L22::TOOL0994,SDN:L05::22
SDN:L22::TOOL1007,SDN:L05::102
SDN:L22::TOOL1083,SDN:L05::311
SDN:L22::TOOL0734,SDN:L05::134
SDN:L22::TOOL0753,SDN:L05::POS19
SDN:L22::TOOL0772,SDN:L05::157
SDN:L22::TOOL0791,SDN:L05::379
SDN:L22::TOOL0531,SDN:L05::134
SDN:L22::TOOL0550,SDN:L05::13
SDN:L22::TOOL1679,SDN:L05::368
SDN:L22::NETT0105,SDN:L05::22
SDN:L22::TOOL1698,SDN:L05::POS04
SDN:L22::NETT0124,SDN:L05::22
SDN:L22::NETT0143,SDN:L05::22
SDN:L22::TOOL0069,SDN:L05::355
SDN:L22::TOOL1900,SDN:L05::385
SDN:L22::NETT0162,SDN:L05::23
SDN:L22::NETT0181,SDN:L05::23
SDN:L22::TOOL1438,SDN:L05::113
SDN:L22::TOOL1495,SDN:L05::185
SDN:L22::TOOL1216,SDN:L05::50
SDN:L22::TOOL1235,SDN:L05::51
SDN:L22::TOOL2039,SDN:L05::157
SDN:L22::TOOL1273,SDN:L05::158
SDN:L22::TOOL2058,SDN:L05::311
SDN:L22::TOOL0904,SDN:L05::134
SDN:L22::TOOL0905,SDN:L05::115
SDN:L22::TOOL0903,SDN:L05::134
SDN:L22::TOOL1292,SDN:L05::355
SDN:L22::TOOL0924,SDN:L05::101
SDN:L22::TOOL2096,SDN:L05::185
SDN:L22::TOOL0943,SDN:L05::LAB01
SDN:L22::TOOL0962,SDN:L05::50
SDN:L22::TOOL0981,SDN:L05::22
SDN:L22::TOOL1013,SDN:L05::LAB21
SDN:L22::TOOL1032,SDN:L05::102
SDN:L22::TOOL1051,SDN:L05::314
SDN:L22::TOOL1070,SDN:L05::305
SDN:L22::TOOL1386,SDN:L05::389
SDN:L22::TOOL1388,SDN:L05::389
SDN:L22::TOOL0717,SDN:L05::389
SDN:L22::TOOL0262,SDN:L05::389
SDN:L22::TOOL1383,SDN:L05::389
SDN:L22::TOOL0718,SDN:L05::389
SDN:L22::TOOL0715,SDN:L05::389
SDN:L22::TOOL0435,SDN:L05::389
SDN:L22::TOOL1290,SDN:L05::389
SDN:L22::TOOL1384,SDN:L05::389
SDN:L22::TOOL1389,SDN:L05::389
SDN:L22::TOOL1381,SDN:L05::389
SDN:L22::TOOL0716,SDN:L05::389
SDN:L22::TOOL1291,SDN:L05::132
SDN:L22::TOOL1382,SDN:L05::389
SDN:L22::TOOL0263,SDN:L05::389
SDN:L22::TOOL1385,SDN:L05::389
SDN:L22::TOOL0713,SDN:L05::134
SDN:L22::TOOL0702,SDN:L05::308
SDN:L22::TOOL0721,SDN:L05::385
SDN:L22::TOOL0740,SDN:L05::102
SDN:L22::TOOL1869,SDN:L05::102
SDN:L22::TOOL1888,SDN:L05::355
SDN:L22::TOOL0278,SDN:L05::383
SDN:L22::TOOL0297,SDN:L05::386
SDN:L22::TOOL1046,SDN:L05::186
SDN:L22::TOOL1047,SDN:L05::186
SDN:L22::TOOL1045,SDN:L05::186
SDN:L22::TOOL1043,SDN:L05::186
SDN:L22::TOOL1078,SDN:L05::186
SDN:L22::TOOL1628,SDN:L05::385
SDN:L22::TOOL1647,SDN:L05::DLOG
SDN:L22::TOOL1666,SDN:L05::368
SDN:L22::TOOL1685,SDN:L05::157
SDN:L22::TOOL0037,SDN:L05::351
SDN:L22::NETT0130,SDN:L05::22
SDN:L22::TOOL0056,SDN:L05::115
SDN:L22::TOOL0075,SDN:L05::113
SDN:L22::TOOL0094,SDN:L05::111
SDN:L22::TOOL1406,SDN:L05::385
SDN:L22::TOOL1425,SDN:L05::115
SDN:L22::TOOL1444,SDN:L05::FFES
SDN:L22::TOOL1482,SDN:L05::351
SDN:L22::TOOL1203,SDN:L05::311
SDN:L22::TOOL1222,SDN:L05::113
SDN:L22::TOOL2007,SDN:L05::51
SDN:L22::TOOL1241,SDN:L05::115
SDN:L22::TOOL2026,SDN:L05::63
SDN:L22::TOOL1597,SDN:L05::MMIS
SDN:L22::TOOL1419,SDN:L05::MMIS
SDN:L22::TOOL1260,SDN:L05::51
SDN:L22::TOOL2045,SDN:L05::311
SDN:L22::TOOL0911,SDN:L05::157
SDN:L22::TOOL2083,SDN:L05::308
SDN:L22::TOOL0930,SDN:L05::302
SDN:L22::TOOL0604,SDN:L05::LAB20
SDN:L22::TOOL1000,SDN:L05::102
SDN:L22::TOOL0449,SDN:L05::114
SDN:L22::TOOL0486,SDN:L05::LAB33
SDN:L22::TOOL0487,SDN:L05::LAB11
SDN:L22::TOOL0488,SDN:L05::LAB20
SDN:L22::TOOL1818,SDN:L05::159
SDN:L22::TOOL1706,SDN:L05::395
SDN:L22::TOOL1707,SDN:L05::395
SDN:L22::TOOL1866,SDN:L05::POS06
SDN:L22::TOOL1867,SDN:L05::POS06
SDN:L22::TOOL1714,SDN:L05::395
SDN:L22::TOOL1609,SDN:L05::395
SDN:L22::TOOL1715,SDN:L05::395
SDN:L22::TOOL1618,SDN:L05::395
SDN:L22::TOOL2093,SDN:L05::395
SDN:L22::TOOL1704,SDN:L05::395
SDN:L22::TOOL1868,SDN:L05::POS06
SDN:L22::TOOL1696,SDN:L05::301
SDN:L22::TOOL1705,SDN:L05::395
SDN:L22::TOOL1837,SDN:L05::114
SDN:L22::NETT0099,SDN:L05::22
SDN:L22::TOOL1856,SDN:L05::381
SDN:L22::TOOL1875,SDN:L05::101
SDN:L22::TOOL0227,SDN:L05::111
SDN:L22::TOOL1894,SDN:L05::369
SDN:L22::TOOL0246,SDN:L05::LAB20
SDN:L22::TOOL0265,SDN:L05::110
SDN:L22::TOOL0589,SDN:L05::135
SDN:L22::TOOL0840,SDN:L05::134
SDN:L22::TOOL2182,SDN:L05::135
SDN:L22::TOOL0355,SDN:L05::SNAG
SDN:L22::TOOL0356,SDN:L05::SNAG
SDN:L22::TOOL0358,SDN:L05::SNAG
SDN:L22::TOOL0357,SDN:L05::SNAG
SDN:L22::TOOL1615,SDN:L05::385
SDN:L22::TOOL1634,SDN:L05::385
SDN:L22::TOOL1653,SDN:L05::DLOG
SDN:L22::TOOL0024,SDN:L05::111
SDN:L22::TOOL1691,SDN:L05::113
SDN:L22::TOOL0062,SDN:L05::115
SDN:L22::TOOL0081,SDN:L05::102
SDN:L22::NETT0156,SDN:L05::388
SDN:L22::NETT0012,SDN:L05::69
SDN:L22::NETT0188,SDN:L05::69
SDN:L22::NETT0177,SDN:L05::22
SDN:L22::NETT0113,SDN:L05::69
SDN:L22::NETT0114,SDN:L05::69
SDN:L22::NETT0115,SDN:L05::69
SDN:L22::NETT0145,SDN:L05::69
SDN:L22::NETT0027,SDN:L05::69
SDN:L22::NETT0096,SDN:L05::69
SDN:L22::NETT0116,SDN:L05::69
SDN:L22::NETT0110,SDN:L05::388
SDN:L22::NETT0112,SDN:L05::69
SDN:L22::NETT0118,SDN:L05::69
SDN:L22::NETT0111,SDN:L05::69
SDN:L22::NETT0119,SDN:L05::388
SDN:L22::TOOL1412,SDN:L05::114
SDN:L22::TOOL1431,SDN:L05::111
SDN:L22::TOOL2216,SDN:L05::360
SDN:L22::TOOL0899,SDN:L05::POS04
SDN:L22::TOOL0639,SDN:L05::184
SDN:L22::TOOL0677,SDN:L05::102
SDN:L22::TOOL2013,SDN:L05::130
SDN:L22::TOOL0696,SDN:L05::111
SDN:L22::TOOL2032,SDN:L05::113
SDN:L22::TOOL2051,SDN:L05::LAB20
SDN:L22::TOOL2070,SDN:L05::388
SDN:L22::TOOL1913,SDN:L05::POS27
SDN:L22::TOOL1064,SDN:L05::306
SDN:L22::TOOL1069,SDN:L05::306
SDN:L22::TOOL1088,SDN:L05::306
SDN:L22::TOOL0474,SDN:L05::159
SDN:L22::NETT0029,SDN:L05::134
SDN:L22::TOOL0493,SDN:L05::388
SDN:L22::TOOL0354,SDN:L05::369
SDN:L22::TOOL0360,SDN:L05::369
SDN:L22::NETT0048,SDN:L05::388
SDN:L22::TOOL1805,SDN:L05::307
SDN:L22::TOOL0878,SDN:L05::382
SDN:L22::TOOL1677,SDN:L05::382
SDN:L22::TOOL2145,SDN:L05::382
SDN:L22::TOOL0724,SDN:L05::382
SDN:L22::TOOL0915,SDN:L05::382
SDN:L22::TOOL0229,SDN:L05::382
SDN:L22::TOOL2066,SDN:L05::382
SDN:L22::TOOL1918,SDN:L05::382
SDN:L22::TOOL2021,SDN:L05::382
SDN:L22::TOOL0085,SDN:L05::382
SDN:L22::TOOL1123,SDN:L05::382
SDN:L22::TOOL0845,SDN:L05::382
SDN:L22::TOOL0913,SDN:L05::351
SDN:L22::TOOL0705,SDN:L05::382
SDN:L22::TOOL1104,SDN:L05::382
SDN:L22::TOOL1193,SDN:L05::382
SDN:L22::TOOL1780,SDN:L05::351
SDN:L22::TOOL0436,SDN:L05::382
SDN:L22::NETT0067,SDN:L05::67
SDN:L22::TOOL1824,SDN:L05::WPS
SDN:L22::NETT0086,SDN:L05::388
SDN:L22::TOOL1843,SDN:L05::185
SDN:L22::TOOL1862,SDN:L05::115
SDN:L22::TOOL1881,SDN:L05::113
SDN:L22::TOOL0233,SDN:L05::134
SDN:L22::TOOL0619,SDN:L05::103
SDN:L22::TOOL1008,SDN:L05::103
SDN:L22::TOOL1604,SDN:L05::122
SDN:L22::TOOL1548,SDN:L05::122
SDN:L22::TOOL1187,SDN:L05::122
SDN:L22::TOOL1186,SDN:L05::122
SDN:L22::TOOL0964,SDN:L05::122
SDN:L22::TOOL0920,SDN:L05::122
SDN:L22::TOOL0597,SDN:L05::122
SDN:L22::TOOL0128,SDN:L05::122
SDN:L22::TOOL1672,SDN:L05::308
SDN:L22::TOOL1671,SDN:L05::122
SDN:L22::TOOL1670,SDN:L05::122
SDN:L22::TOOL1694,SDN:L05::122
SDN:L22::TOOL1461,SDN:L05::122
SDN:L22::TOOL1460,SDN:L05::122
SDN:L22::TOOL1723,SDN:L05::122
SDN:L22::TOOL0074,SDN:L05::122
SDN:L22::TOOL0411,SDN:L05::122
SDN:L22::TOOL0928,SDN:L05::122
SDN:L22::TOOL0927,SDN:L05::122
SDN:L22::TOOL1117,SDN:L05::122
SDN:L22::TOOL0932,SDN:L05::122
SDN:L22::TOOL2209,SDN:L05::122
SDN:L22::TOOL1643,SDN:L05::122
SDN:L22::TOOL0440,SDN:L05::122
SDN:L22::TOOL2017,SDN:L05::122
SDN:L22::TOOL0574,SDN:L05::122
SDN:L22::TOOL1189,SDN:L05::122
SDN:L22::TOOL2147,SDN:L05::122
SDN:L22::TOOL0120,SDN:L05::122
SDN:L22::TOOL1770,SDN:L05::122
SDN:L22::TOOL0224,SDN:L05::122
SDN:L22::TOOL0070,SDN:L05::122
SDN:L22::TOOL0286,SDN:L05::122
SDN:L22::TOOL2151,SDN:L05::122
SDN:L22::TOOL0082,SDN:L05::122
SDN:L22::TOOL0432,SDN:L05::122
SDN:L22::TOOL2116,SDN:L05::122
SDN:L22::TOOL0396,SDN:L05::122
SDN:L22::TOOL0395,SDN:L05::122
SDN:L22::TOOL2164,SDN:L05::122
SDN:L22::TOOL1305,SDN:L05::122
SDN:L22::NETT0146,SDN:L05::134
SDN:L22::TOOL2020,SDN:L05::122
SDN:L22::TOOL2199,SDN:L05::122
SDN:L22::TOOL0458,SDN:L05::122
SDN:L22::TOOL1772,SDN:L05::122
SDN:L22::TOOL1771,SDN:L05::122
SDN:L22::TOOL1733,SDN:L05::122
SDN:L22::TOOL0071,SDN:L05::122
SDN:L22::TOOL0288,SDN:L05::122
SDN:L22::TOOL1502,SDN:L05::122
SDN:L22::TOOL0050,SDN:L05::122
SDN:L22::TOOL1116,SDN:L05::385
SDN:L22::TOOL1840,SDN:L05::DLOG
SDN:L22::TOOL0666,SDN:L05::122
SDN:L22::TOOL1126,SDN:L05::122
SDN:L22::TOOL0194,SDN:L05::122
SDN:L22::TOOL0193,SDN:L05::122
SDN:L22::TOOL1598,SDN:L05::122
SDN:L22::TOOL1254,SDN:L05::122
SDN:L22::TOOL0676,SDN:L05::122
SDN:L22::TOOL0443,SDN:L05::134
SDN:L22::TOOL1784,SDN:L05::385
SDN:L22::TOOL2198,SDN:L05::122
SDN:L22::TOOL0973,SDN:L05::122
SDN:L22::TOOL0919,SDN:L05::122
SDN:L22::TOOL0918,SDN:L05::122
SDN:L22::TOOL0529,SDN:L05::122
SDN:L22::TOOL0922,SDN:L05::122
SDN:L22::TOOL0479,SDN:L05::122
SDN:L22::TOOL0921,SDN:L05::122
SDN:L22::TOOL1737,SDN:L05::122
SDN:L22::TOOL1277,SDN:L05::122
SDN:L22::TOOL1831,SDN:L05::122
SDN:L22::TOOL0067,SDN:L05::122
SDN:L22::TOOL1333,SDN:L05::308
SDN:L22::TOOL1332,SDN:L05::308
SDN:L22::TOOL0083,SDN:L05::122
SDN:L22::TOOL0625,SDN:L05::122
SDN:L22::TOOL0775,SDN:L05::122
SDN:L22::TOOL0812,SDN:L05::122
SDN:L22::TOOL0811,SDN:L05::122
SDN:L22::TOOL0774,SDN:L05::122
SDN:L22::TOOL0810,SDN:L05::122
SDN:L22::TOOL1602,SDN:L05::157
SDN:L22::TOOL1621,SDN:L05::POS04
SDN:L22::TOOL1640,SDN:L05::134
SDN:L22::TOOL0011,SDN:L05::111
SDN:L22::TOOL0030,SDN:L05::111
SDN:L22::TOOL1159,SDN:L05::369
SDN:L22::TOOL1178,SDN:L05::51
SDN:L22::TOOL1197,SDN:L05::369
SDN:L22::TOOL0829,SDN:L05::LAB11
SDN:L22::TOOL1249,SDN:L05::56
SDN:L22::TOOL0867,SDN:L05::304
SDN:L22::TOOL2203,SDN:L05::134
SDN:L22::TOOL0886,SDN:L05::114
SDN:L22::TOOL2222,SDN:L05::111
SDN:L22::TOOL0607,SDN:L05::101
SDN:L22::TOOL0645,SDN:L05::122
SDN:L22::TOOL0664,SDN:L05::113
SDN:L22::TOOL2000,SDN:L05::51
SDN:L22::TOOL0683,SDN:L05::102
SDN:L22::TOOL0404,SDN:L05::101
SDN:L22::TOOL0423,SDN:L05::386
SDN:L22::TOOL0442,SDN:L05::122
SDN:L22::TOOL0461,SDN:L05::351
SDN:L22::NETT0016,SDN:L05::22
SDN:L22::TOOL0480,SDN:L05::122
SDN:L22::TOOL1272,SDN:L05::350
SDN:L22::TOOL2121,SDN:L05::185
SDN:L22::TOOL0668,SDN:L05::130
SDN:L22::TOOL0276,SDN:L05::133
SDN:L22::TOOL2228,SDN:L05::122
SDN:L22::TOOL0122,SDN:L05::134
SDN:L22::TOOL2061,SDN:L05::350
SDN:L22::TOOL0017,SDN:L05::134
SDN:L22::TOOL0018,SDN:L05::134
SDN:L22::TOOL0431,SDN:L05::130
SDN:L22::TOOL1188,SDN:L05::130
SDN:L22::TOOL0644,SDN:L05::184
SDN:L22::TOOL0434,SDN:L05::130
SDN:L22::TOOL0446,SDN:L05::POS17
SDN:L22::NETT0120,SDN:L05::68
SDN:L22::TOOL2102,SDN:L05::181
SDN:L22::TOOL0602,SDN:L05::133
SDN:L22::TOOL1396,SDN:L05::350
SDN:L22::TOOL0006,SDN:L05::130
SDN:L22::TOOL1492,SDN:L05::WPS
SDN:L22::TOOL0438,SDN:L05::384
SDN:L22::TOOL0593,SDN:L05::133
SDN:L22::TOOL0407,SDN:L05::130
SDN:L22::TOOL1599,SDN:L05::185
SDN:L22::TOOL1217,SDN:L05::181
SDN:L22::TOOL0527,SDN:L05::130
SDN:L22::TOOL0627,SDN:L05::350
SDN:L22::TOOL1359,SDN:L05::WPS
SDN:L22::TOOL0498,SDN:L05::350
SDN:L22::TOOL0453,SDN:L05::384
SDN:L22::TOOL1458,SDN:L05::351
SDN:L22::TOOL0019,SDN:L05::134
SDN:L22::TOOL0634,SDN:L05::351
SDN:L22::TOOL0043,SDN:L05::351
SDN:L22::TOOL1331,SDN:L05::130
SDN:L22::NETT0051,SDN:L05::67
SDN:L22::TOOL0180,SDN:L05::130
SDN:L22::TOOL2153,SDN:L05::355
SDN:L22::TOOL0100,SDN:L05::350
SDN:L22::TOOL0053,SDN:L05::134
SDN:L22::TOOL2103,SDN:L05::181
SDN:L22::TOOL0152,SDN:L05::350
SDN:L22::TOOL1476,SDN:L05::123
SDN:L22::TOOL0455,SDN:L05::350
SDN:L22::TOOL1026,SDN:L05::350
SDN:L22::TOOL0669,SDN:L05::130
SDN:L22::TOOL0020,SDN:L05::350
SDN:L22::TOOL2104,SDN:L05::181
SDN:L22::TOOL0183,SDN:L05::130
SDN:L22::TOOL1231,SDN:L05::130
SDN:L22::NETT0157,SDN:L05::124
SDN:L22::TOOL0336,SDN:L05::133
SDN:L22::TOOL0626,SDN:L05::350
SDN:L22::TOOL0341,SDN:L05::113
SDN:L22::TOOL1522,SDN:L05::350
SDN:L22::TOOL0870,SDN:L05::350
SDN:L22::TOOL1459,SDN:L05::351
SDN:L22::TOOL1470,SDN:L05::123
SDN:L22::TOOL1453,SDN:L05::WPS
SDN:L22::TOOL1828,SDN:L05::350
SDN:L22::TOOL0869,SDN:L05::351
SDN:L22::TOOL0720,SDN:L05::POS17
SDN:L22::TOOL1136,SDN:L05::350
SDN:L22::TOOL1306,SDN:L05::355
SDN:L22::TOOL0212,SDN:L05::350
SDN:L22::NETT0084,SDN:L05::67
SDN:L22::TOOL0033,SDN:L05::130
SDN:L22::TOOL1394,SDN:L05::350
SDN:L22::TOOL1162,SDN:L05::130
SDN:L22::TOOL2148,SDN:L05::355
SDN:L22::TOOL0590,SDN:L05::135
SDN:L22::TOOL0827,SDN:L05::130
SDN:L22::TOOL0591,SDN:L05::354
SDN:L22::TOOL1652,SDN:L05::111
SDN:L22::TOOL1895,SDN:L05::355
SDN:L22::TOOL0439,SDN:L05::384
SDN:L22::TOOL0450,SDN:L05::130
SDN:L22::TOOL0021,SDN:L05::350
SDN:L22::TOOL1450,SDN:L05::WPS
SDN:L22::TOOL0022,SDN:L05::134
SDN:L22::TOOL1451,SDN:L05::WPS
SDN:L22::TOOL0499,SDN:L05::350
SDN:L22::TOOL0409,SDN:L05::130
SDN:L22::NETT0087,SDN:L05::67
SDN:L22::TOOL1232,SDN:L05::184
SDN:L22::TOOL0871,SDN:L05::130
SDN:L22::NETT0007,SDN:L05::124
SDN:L22::TOOL1295,SDN:L05::133
SDN:L22::TOOL1238,SDN:L05::130
SDN:L22::TOOL0473,SDN:L05::184
SDN:L22::TOOL0433,SDN:L05::130
SDN:L22::TOOL1318,SDN:L05::185
SDN:L22::TOOL2030,SDN:L05::355
SDN:L22::TOOL0428,SDN:L05::184
SDN:L22::TOOL0213,SDN:L05::130
SDN:L22::TOOL0214,SDN:L05::130
SDN:L22::NETT0028,SDN:L05::124
SDN:L22::TOOL1538,SDN:L05::351
SDN:L22::TOOL0737,SDN:L05::181
SDN:L22::TOOL1695,SDN:L05::351
SDN:L22::TOOL1163,SDN:L05::130
SDN:L22::NETT0185,SDN:L05::68
SDN:L22::TOOL0047,SDN:L05::130
SDN:L22::TOOL0592,SDN:L05::354
SDN:L22::TOOL0667,SDN:L05::133
SDN:L22::TOOL0048,SDN:L05::113
SDN:L22::TOOL1646,SDN:L05::384
SDN:L22::TOOL1600,SDN:L05::185
SDN:L22::TOOL0526,SDN:L05::355
SDN:L22::TOOL0675,SDN:L05::123
SDN:L22::TOOL0190,SDN:L05::133
SDN:L22::TOOL0023,SDN:L05::350
SDN:L22::TOOL1360,SDN:L05::355
SDN:L22::TOOL1452,SDN:L05::WPS
SDN:L22::TOOL1457,SDN:L05::WPS
SDN:L22::TOOL0429,SDN:L05::184
SDN:L22::NETT0008,SDN:L05::68
SDN:L22::TOOL1745,SDN:L05::130
SDN:L22::TOOL0417,SDN:L05::350
SDN:L22::NETT0097,SDN:L05::124
SDN:L22::TOOL2100,SDN:L05::181
SDN:L22::TOOL1395,SDN:L05::350
SDN:L22::TOOL0448,SDN:L05::130
SDN:L22::TOOL0738,SDN:L05::181
SDN:L22::NETT0035,SDN:L05::22
SDN:L22::NETT0054,SDN:L05::22
SDN:L22::TOOL1811,SDN:L05::351
SDN:L22::NETT0073,SDN:L05::23
SDN:L22::TOOL1830,SDN:L05::385
SDN:L22::NETT0092,SDN:L05::22
SDN:L22::TOOL0220,SDN:L05::101
SDN:L22::TOOL1349,SDN:L05::307
SDN:L22::TOOL1368,SDN:L05::122
SDN:L22::TOOL1387,SDN:L05::389
SDN:L22::TOOL1108,SDN:L05::368
SDN:L22::TOOL1127,SDN:L05::112
SDN:L22::TOOL1146,SDN:L05::150
SDN:L22::TOOL1184,SDN:L05::DLOG
SDN:L22::NETT0013,SDN:L05::22
SDN:L22::TOOL1166,SDN:L05::24
SDN:L22::NETT0141,SDN:L05::22
SDN:L22::NETT0190,SDN:L05::60
SDN:L22::TOOL1462,SDN:L05::24
SDN:L22::TOOL1378,SDN:L05::24
SDN:L22::TOOL1815,SDN:L05::24
SDN:L22::NETT0186,SDN:L05::24
SDN:L22::NETT0064,SDN:L05::22
SDN:L22::NETT0040,SDN:L05::22
SDN:L22::NETT0192,SDN:L05::24
SDN:L22::NETT0042,SDN:L05::22
SDN:L22::NETT0014,SDN:L05::22
SDN:L22::TOOL1165,SDN:L05::24
SDN:L22::NETT0015,SDN:L05::22
SDN:L22::NETT0189,SDN:L05::24
SDN:L22::NETT0191,SDN:L05::24
SDN:L22::NETT0182,SDN:L05::24
SDN:L22::TOOL1379,SDN:L05::24
SDN:L22::TOOL0816,SDN:L05::LAB38
SDN:L22::TOOL0835,SDN:L05::134
SDN:L22::TOOL0652,SDN:L05::62
SDN:L22::TOOL0854,SDN:L05::152
SDN:L22::TOOL0873,SDN:L05::POS03
SDN:L22::TOOL0892,SDN:L05::156
SDN:L22::TOOL0613,SDN:L05::355
SDN:L22::TOOL0632,SDN:L05::LAB21
SDN:L22::TOOL0651,SDN:L05::62
SDN:L22::TOOL2080,SDN:L05::LAB49
SDN:L22::TOOL2079,SDN:L05::LAB49
SDN:L22::NETT0206,SDN:L05::73
SDN:L22::TOOL0670,SDN:L05::134
SDN:L22::TOOL1799,SDN:L05::157
SDN:L22::TOOL0189,SDN:L05::113
SDN:L22::TOOL1857,SDN:L05::POS01
SDN:L22::TOOL0337,SDN:L05::POS01
SDN:L22::TOOL1858,SDN:L05::POS01
SDN:L22::TOOL0410,SDN:L05::122
SDN:L22::TOOL1539,SDN:L05::114
SDN:L22::TOOL1558,SDN:L05::385
SDN:L22::TOOL1577,SDN:L05::150
SDN:L22::NETT0003,SDN:L05::22
SDN:L22::TOOL1596,SDN:L05::DLOG
SDN:L22::NETT0022,SDN:L05::23
SDN:L22::NETT0041,SDN:L05::22
SDN:L22::NETT0060,SDN:L05::67
SDN:L22::TOOL1317,SDN:L05::123
SDN:L22::TOOL1336,SDN:L05::LAB20
SDN:L22::TOOL1355,SDN:L05::LAB30
SDN:L22::TOOL1374,SDN:L05::51
SDN:L22::TOOL2159,SDN:L05::LAB12
SDN:L22::TOOL1393,SDN:L05::WPS
SDN:L22::TOOL2178,SDN:L05::LAB50
SDN:L22::TOOL2196,SDN:L05::122
SDN:L22::TOOL2197,SDN:L05::122
SDN:L22::TOOL1114,SDN:L05::LAB37
SDN:L22::TOOL1133,SDN:L05::LAB02
SDN:L22::TOOL1152,SDN:L05::TRTG
SDN:L22::TOOL1171,SDN:L05::51
SDN:L22::TOOL0545,SDN:L05::11
SDN:L22::TOOL0544,SDN:L05::11
SDN:L22::TOOL0803,SDN:L05::POS04
SDN:L22::TOOL1190,SDN:L05::134
SDN:L22::TOOL1467,SDN:L05::30
SDN:L22::TOOL0236,SDN:L05::30
SDN:L22::TOOL0939,SDN:L05::30
SDN:L22::TOOL0506,SDN:L05::30
SDN:L22::TOOL1466,SDN:L05::30
SDN:L22::TOOL0548,SDN:L05::30
SDN:L22::TOOL1326,SDN:L05::30
SDN:L22::NETT0004,SDN:L05::21
SDN:L22::TOOL0552,SDN:L05::30
SDN:L22::TOOL0538,SDN:L05::30
SDN:L22::TOOL0536,SDN:L05::30
SDN:L22::TOOL1253,SDN:L05::30
SDN:L22::TOOL1654,SDN:L05::30
SDN:L22::TOOL0547,SDN:L05::30
SDN:L22::TOOL0940,SDN:L05::30
SDN:L22::TOOL0502,SDN:L05::30
SDN:L22::TOOL0535,SDN:L05::30
SDN:L22::TOOL0660,SDN:L05::30
SDN:L22::TOOL0427,SDN:L05::30
SDN:L22::TOOL1576,SDN:L05::30
SDN:L22::TOOL1463,SDN:L05::30
SDN:L22::TOOL0412,SDN:L05::30
SDN:L22::TOOL0381,SDN:L05::30
SDN:L22::NETT0175,SDN:L05::30
SDN:L22::TOOL0542,SDN:L05::30
SDN:L22::TOOL1339,SDN:L05::30
SDN:L22::TOOL1465,SDN:L05::30
SDN:L22::TOOL0564,SDN:L05::124
SDN:L22::TOOL0248,SDN:L05::30
SDN:L22::TOOL0418,SDN:L05::30
SDN:L22::TOOL1464,SDN:L05::30
SDN:L22::TOOL0501,SDN:L05::30
SDN:L22::TOOL0504,SDN:L05::30
SDN:L22::TOOL0557,SDN:L05::30
SDN:L22::TOOL0508,SDN:L05::30
SDN:L22::TOOL0503,SDN:L05::30
SDN:L22::TOOL0546,SDN:L05::30
SDN:L22::TOOL0235,SDN:L05::30
SDN:L22::TOOL0540,SDN:L05::30
SDN:L22::TOOL0828,SDN:L05::30
SDN:L22::TOOL0822,SDN:L05::185
SDN:L22::TOOL0841,SDN:L05::156
SDN:L22::TOOL0860,SDN:L05::353
SDN:L22::TOOL0379,SDN:L05::385
SDN:L22::TOOL0398,SDN:L05::122
SDN:L22::TOOL0600,SDN:L05::115
SDN:L22::TOOL1729,SDN:L05::185
SDN:L22::TOOL1748,SDN:L05::355
SDN:L22::TOOL0483,SDN:L05::LAB36
SDN:L22::TOOL1223,SDN:L05::LAB36
SDN:L22::TOOL0998,SDN:L05::LAB36
SDN:L22::TOOL0513,SDN:L05::LAB36
SDN:L22::TOOL0848,SDN:L05::LAB36
SDN:L22::TOOL1767,SDN:L05::122
SDN:L22::TOOL0119,SDN:L05::113
SDN:L22::TOOL1786,SDN:L05::POS19
SDN:L22::NETT0212,SDN:L05::22
SDN:L22::TOOL0157,SDN:L05::110
SDN:L22::TOOL0195,SDN:L05::101
SDN:L22::TOOL1507,SDN:L05::LAB20
SDN:L22::TOOL1526,SDN:L05::302
SDN:L22::TOOL1545,SDN:L05::351
SDN:L22::TOOL1564,SDN:L05::LAB27
SDN:L22::TOOL1583,SDN:L05::LAB27
SDN:L22::TOOL1304,SDN:L05::33
SDN:L22::TOOL1323,SDN:L05::134
SDN:L22::TOOL2108,SDN:L05::LAB12
SDN:L22::TOOL1342,SDN:L05::157
SDN:L22::TOOL2127,SDN:L05::LAB35
SDN:L22::TOOL1361,SDN:L05::123
SDN:L22::TOOL2146,SDN:L05::122
SDN:L22::TOOL1380,SDN:L05::LAB01
SDN:L22::TOOL2165,SDN:L05::LAB48
SDN:L22::TOOL2184,SDN:L05::LAB15
SDN:L22::TOOL1101,SDN:L05::102
SDN:L22::TOOL1120,SDN:L05::308
SDN:L22::TOOL0569,SDN:L05::LAB02
SDN:L22::TOOL0588,SDN:L05::11
SDN:L22::TOOL1919,SDN:L05::381
SDN:L22::TOOL1938,SDN:L05::311
SDN:L22::TOOL1957,SDN:L05::311
SDN:L22::TOOL1976,SDN:L05::123
SDN:L22::TOOL1995,SDN:L05::51
SDN:L22::TOOL0366,SDN:L05::113
SDN:L22::TOOL0385,SDN:L05::157
SDN:L22::TOOL0245,SDN:L05::LAB04
SDN:L22::TOOL0244,SDN:L05::LAB04
SDN:L22::TOOL0614,SDN:L05::LAB20
SDN:L22::TOOL0291,SDN:L05::LAB03
SDN:L22::TOOL0512,SDN:L05::LAB04
SDN:L22::TOOL0415,SDN:L05::LAB04
SDN:L22::TOOL0414,SDN:L05::LAB04
SDN:L22::TOOL0635,SDN:L05::LAB04
SDN:L22::TOOL1989,SDN:L05::LAB03
SDN:L22::TOOL0497,SDN:L05::LAB03
SDN:L22::TOOL0342,SDN:L05::LAB04
SDN:L22::TOOL2022,SDN:L05::LAB04
SDN:L22::TOOL1716,SDN:L05::LAB03
SDN:L22::TOOL1113,SDN:L05::LAB04
SDN:L22::TOOL0520,SDN:L05::LAB04
SDN:L22::TOOL1735,SDN:L05::115
SDN:L22::TOOL2064,SDN:L05::113
SDN:L22::TOOL0510,SDN:L05::LAB23
SDN:L22::TOOL1986,SDN:L05::LAB23
SDN:L22::TOOL1143,SDN:L05::LAB23
SDN:L22::TOOL2077,SDN:L05::LAB23
SDN:L22::TOOL0459,SDN:L05::LAB23
SDN:L22::TOOL1990,SDN:L05::113
SDN:L22::TOOL1754,SDN:L05::153
SDN:L22::TOOL0654,SDN:L05::LAB41
SDN:L22::TOOL0658,SDN:L05::LAB42
SDN:L22::TOOL1773,SDN:L05::369
SDN:L22::TOOL0125,SDN:L05::102
SDN:L22::TOOL1792,SDN:L05::385
SDN:L22::TOOL0182,SDN:L05::134
SDN:L22::TOOL1513,SDN:L05::368
SDN:L22::TOOL1532,SDN:L05::381
SDN:L22::TOOL1551,SDN:L05::DLOG
SDN:L22::TOOL1570,SDN:L05::LAB27
SDN:L22::TOOL1089,SDN:L05::LAB49
SDN:L22::TOOL0759,SDN:L05::POS03
SDN:L22::TOOL1310,SDN:L05::123
SDN:L22::TOOL0778,SDN:L05::LAB06
SDN:L22::TOOL2114,SDN:L05::353
SDN:L22::TOOL0797,SDN:L05::156
SDN:L22::TOOL2133,SDN:L05::LAB01
SDN:L22::TOOL2152,SDN:L05::134
SDN:L22::TOOL2171,SDN:L05::LAB05
SDN:L22::TOOL2190,SDN:L05::LAB35
SDN:L22::TOOL0518,SDN:L05::LAB21
SDN:L22::TOOL0537,SDN:L05::30
SDN:L22::TOOL0556,SDN:L05::30
SDN:L22::TOOL0575,SDN:L05::LAB06
SDN:L22::TOOL0594,SDN:L05::111
SDN:L22::NETT0149,SDN:L05::68
SDN:L22::TOOL1906,SDN:L05::LAB36
SDN:L22::NETT0168,SDN:L05::22
SDN:L22::TOOL1925,SDN:L05::368
SDN:L22::NETT0187,SDN:L05::68
SDN:L22::TOOL1944,SDN:L05::311
SDN:L22::TOOL1963,SDN:L05::311
SDN:L22::TOOL1982,SDN:L05::LAB20
SDN:L22::TOOL0353,SDN:L05::SNAG
SDN:L22::TOOL0372,SDN:L05::385
SDN:L22::TOOL0391,SDN:L05::POS04
SDN:L22::TOOL1703,SDN:L05::51
SDN:L22::TOOL1722,SDN:L05::388
SDN:L22::TOOL2144,SDN:L05::LAB10
SDN:L22::TOOL0468,SDN:L05::LAB10
SDN:L22::TOOL1741,SDN:L05::52
SDN:L22::TOOL1760,SDN:L05::LAB01
SDN:L22::TOOL0131,SDN:L05::157
SDN:L22::TOOL1279,SDN:L05::102
SDN:L22::TOOL1298,SDN:L05::LAB06
SDN:L22::TOOL0949,SDN:L05::369
SDN:L22::TOOL1500,SDN:L05::157
SDN:L22::TOOL0968,SDN:L05::LAB46
SDN:L22::TOOL0987,SDN:L05::22
SDN:L22::TOOL1019,SDN:L05::LAB16
SDN:L22::TOOL1038,SDN:L05::311
SDN:L22::TOOL1057,SDN:L05::309
SDN:L22::TOOL1076,SDN:L05::308
SDN:L22::TOOL0708,SDN:L05::111
SDN:L22::TOOL1095,SDN:L05::102
SDN:L22::TOOL0727,SDN:L05::102
SDN:L22::TOOL0746,SDN:L05::157
SDN:L22::TOOL0765,SDN:L05::POS04
SDN:L22::TOOL2101,SDN:L05::351
SDN:L22::TOOL0784,SDN:L05::51
SDN:L22::TOOL2120,SDN:L05::31
SDN:L22::TOOL0505,SDN:L05::30
SDN:L22::TOOL0524,SDN:L05::POS03
SDN:L22::TOOL0543,SDN:L05::30
SDN:L22::TOOL0562,SDN:L05::31
SDN:L22::NETT0117,SDN:L05::388
SDN:L22::TOOL0581,SDN:L05::LAB16
SDN:L22::NETT0136,SDN:L05::22
SDN:L22::NETT0155,SDN:L05::22
SDN:L22::TOOL1912,SDN:L05::113
SDN:L22::NETT0174,SDN:L05::22
SDN:L22::TOOL1931,SDN:L05::311
SDN:L22::NETT0194,SDN:L05::61
SDN:L22::NETT0193,SDN:L05::61
SDN:L22::TOOL1950,SDN:L05::311
SDN:L22::TOOL0302,SDN:L05::111
SDN:L22::TOOL0340,SDN:L05::386
SDN:L22::TOOL1469,SDN:L05::51
SDN:L22::TOOL1488,SDN:L05::157
SDN:L22::TOOL1209,SDN:L05::LAB37
SDN:L22::TOOL1228,SDN:L05::POS25
SDN:L22::TOOL1247,SDN:L05::351
SDN:L22::TOOL1266,SDN:L05::130
SDN:L22::TOOL1285,SDN:L05::51
SDN:L22::TOOL0917,SDN:L05::33
SDN:L22::TOOL2089,SDN:L05::369
SDN:L22::TOOL0936,SDN:L05::POS04
SDN:L22::TOOL0955,SDN:L05::134
SDN:L22::TOOL0974,SDN:L05::LAB12
SDN:L22::TOOL0993,SDN:L05::22
SDN:L22::TOOL1006,SDN:L05::102
SDN:L22::TOOL1025,SDN:L05::115
SDN:L22::TOOL1044,SDN:L05::186
SDN:L22::TOOL1063,SDN:L05::308
SDN:L22::TOOL0032,SDN:L05::350
SDN:L22::TOOL0364,SDN:L05::130
SDN:L22::TOOL0173,SDN:L05::130
SDN:L22::TOOL0451,SDN:L05::355
SDN:L22::TOOL0035,SDN:L05::130
SDN:L22::TOOL0005,SDN:L05::130
SDN:L22::TOOL0002,SDN:L05::351
SDN:L22::TOOL0001,SDN:L05::134
SDN:L22::TOOL0040,SDN:L05::130
SDN:L22::TOOL0149,SDN:L05::130
SDN:L22::TOOL0232,SDN:L05::130
SDN:L22::TOOL0058,SDN:L05::130
SDN:L22::TOOL0009,SDN:L05::130
SDN:L22::TOOL0144,SDN:L05::130
SDN:L22::TOOL0371,SDN:L05::130
SDN:L22::TOOL0042,SDN:L05::130
SDN:L22::TOOL0041,SDN:L05::134
SDN:L22::TOOL1082,SDN:L05::314
SDN:L22::TOOL0714,SDN:L05::354
SDN:L22::TOOL0733,SDN:L05::110
SDN:L22::TOOL0752,SDN:L05::158
SDN:L22::TOOL0771,SDN:L05::156
SDN:L22::TOOL0790,SDN:L05::379
SDN:L22::TOOL0511,SDN:L05::LAB20
SDN:L22::TOOL0530,SDN:L05::122
SDN:L22::TOOL1659,SDN:L05::369
SDN:L22::TOOL1678,SDN:L05::CCOV
SDN:L22::NETT0104,SDN:L05::22
SDN:L22::TOOL1697,SDN:L05::POS04
SDN:L22::NETT0123,SDN:L05::22
SDN:L22::TOOL0424,SDN:L05::113
SDN:L22::TOOL0049,SDN:L05::113
SDN:L22::NETT0142,SDN:L05::22
SDN:L22::NETT0161,SDN:L05::23
SDN:L22::NETT0180,SDN:L05::23
SDN:L22::TOOL1418,SDN:L05::379
SDN:L22::TOOL1437,SDN:L05::130
SDN:L22::TOOL1456,SDN:L05::WPS
