WOD_LABEL,C17
ABBOT,SDN:C17::31O9
ACT 4 (Cont.s;c.s.GOVL;built 1971;ren-d MELBOURNE STAR c.s.C6JY6 1992;IMO7108162,SDN:C17::74AQ
ADDIRIYAH,SDN:C17::SADD
AEGAEO (R/V;call sign SXYY;built 12.1985;ex.AEGAIO 10.1994;IMO8412429),SDN:C17::36AE
AKADEMIK A. KOVALEVSKIY (R/V; call sign UEWJ; built 1949; IMO6850366),SDN:C17::90AK
AKADEMIK ALEKSANDR VINOGRADOV (R/V;c.s.UYEV;new c.s.UABE;built 1983;IMO7826312),SDN:C17::90BN
AKADEMIK MSTISLAV KELDYSH (R/V; call sign UFJI; built 12.1980; IMO7811018),SDN:C17::RUBP
AKADEMIK SERGEY VAVILOV (R/V;c.s.UAUO;old c.s.UKOC;built 1988;IMO8507729),SDN:C17::RUSG
AKADEMIK SHOKALSKIY (R/V;c.s.UUPB;built 10.1982;new c.s.UBNF;IMO8010336)a,SDN:C17::90BQ
AKADEMIK VERNADSKIY (Call sign ULYN; built 1968;renamed Gloriya 2001;IMO6726929),SDN:C17::90VE
AKRITAS (C.s.VRCJ7;b.1987;ex.Cap Akritas 05.2010;IMO8703397),SDN:C17::HKAA
AL AMIR MOULAY ABDALLAH (R/V;built 2001;length 38.5;IMO9242510)\0,SDN:C17::56J8
ALBANY,SDN:C17::313Z
ALBATROS,SDN:C17::35A7
ALBATROSS IV (NOAA ship; call sign WMVF; built 1962; IMO7338690),SDN:C17::31A4
ALDEBARAN,SDN:C17::92AU
ALLAGASH,SDN:C17::32A5
ALMEIDA CARVALHO (A527; R/V; built 1969; active 1972-2001),SDN:C17::68CA
AMALTHEE (Call sign THLX; active 1939-1975; Naval vessel),SDN:C17::35AT
AMERICA,SDN:C17::3114
AMERIGO (Seaglider;WMO6800166;alt.name SG554;operated by OGS),SDN:C17::48JV
AMMEN,SDN:C17::31N2
AMMONITE (AUV;Slocum glider #038;WMO 68983;operated by UK MARS facility)a,SDN:C17::74IH
ANDRIJA MOHOROVICIC (YTDW),SDN:C17::95AM
ANDROMEDA (A5203; call sign CTHK; built 1985; Instituto Hidrografico),SDN:C17::68AN
ANGELES ALVARINO (R/V;call sign EASE;built 2012;IMO9524645),SDN:C17::29AJ
ANNABELLA (ELCP4),SDN:C17::54A2
ANNAPOLIS,SDN:C17::31QV
ANTON DOHRN II (R/V;c.s. DBFR;active 10/17/1972-07/30/1986;ex.Walther Herwig I),SDN:C17::06DA
ANTRIM,SDN:C17::321G
ARCO JUNEAU,SDN:C17::32JU
ARGUS (R/V; call sign ESRL; built 1969;new c.s.UEZY;IMO7044548),SDN:C17::64AS
ARIEL,SDN:C17::90AE
ASSURANCE,SDN:C17::31ZA
ATAKAPA,SDN:C17::315G
ATLANTIS (1931 - 9/1963)a,SDN:C17::33AT
ATLANTIS II (4/1963 - 3/2/1997),SDN:C17::31AN
AUBREY FITCH (FFG-34),SDN:C17::327V
AURIGA (A5205; call sign CTHL; built 1987; Instituto Hidrografico),SDN:C17::68AU
AYLWIN,SDN:C17::319A
AYTODOR,SDN:C17::90AY
BACHE,SDN:C17::31BA
BADGER,SDN:C17::31DQ
BAGLEY,SDN:C17::32BA
BANNOCK (Call sign IKOD; built 06.1943; IMO6401438),SDN:C17::48B1
BARBEY,SDN:C17::32BB
BARNEY,SDN:C17::31B7
BARTLETT,SDN:C17::314U
BARTON,SDN:C17::31BT
BASILONE,SDN:C17::31IO
BEATTY,SDN:C17::31YY
BEAUTEMPS-BEAUPRE (A758; call sign FABB; built 2001),SDN:C17::35B5
BELKNAP,SDN:C17::311N
BELLAMITE (AUV;Slocum glider #051;b.2006;WMO 68972;oper.by UK MARS facility),SDN:C17::74L3
BENHAM,SDN:C17::313X
BENNER,SDN:C17::31N3
BIBI (VSBI3),SDN:C17::74B9
BIDDLE,SDN:C17::31QD
BILIM (R/V;c.s.TAAB;built 1983;renamed Bilim-2 2005;c.s.TCBU3;IMO7729667),SDN:C17::89BL
BLAKELY,SDN:C17::316X
BLANDY,SDN:C17::31YD
BOLD (USS;424;service date 09/25/1953 - 07/02/1971),SDN:C17::31B5
BONPLAND (AUV;Slocum glider #142;owned by LOCEAN),SDN:C17::35ZB
BORDA (A792;call sign FYCT;built 1988),SDN:C17::35B8
BORDELON,SDN:C17::31J7
BORHA (Offshore structure; active 1964-1970),SDN:C17::35BO
BORHA II (Offshore structure; call sign FZGD; active 1973-1977),SDN:C17::35BA
BORIE,SDN:C17::31XR
BOWDITCH,SDN:C17::31BO
BREMEN EXPRESS (Cont.ship;c.s.DGZL;b.2008;IMO9343728),SDN:C17::065U
BRISCOE,SDN:C17::32ZM
BRISTOL,SDN:C17::31RL
BROADSWORD,SDN:C17::74B1
BROWN,SDN:C17::31N9
BROWNSON,SDN:C17::31BR
BRUMBY,SDN:C17::31XU
BULWARK,SDN:C17::31B2
CALLAGHAN,SDN:C17::32FJ
CAMPE (AUV;Slocum glider;#176;b.2009;Length 2.15;owned by the IFREMER),SDN:C17::35ZP
CANISTEO,SDN:C17::31CT
CAP CANAILLE (call sign FQRQ),SDN:C17::35C2
CAPERTON,SDN:C17::32CP
CAPODANNO,SDN:C17::32C9
CAPRICE,SDN:C17::74CA
CAPRICORNE,SDN:C17::35CI
CARON,SDN:C17::32W4
CARRON,SDN:C17::74C1
CARYSFORT,SDN:C17::74CF
CATHERINE LAURENCE,SDN:C17::35CL
CAVENDISH,SDN:C17::74CC
CHAIN,SDN:C17::31CI
CHALLENGER (sold April 2000 and re-flagged as EXPLORER),SDN:C17::74CH
CHAPLET,SDN:C17::74C2
CHARITY,SDN:C17::74CI
CHARLES DARWIN (R/V;c.s.GDLS;built 1984;ren-d Ocean Researcher 2006;IMO8207941),SDN:C17::74AB
CHARLES H. GILBERT,SDN:C17::31CG
CHARLOTTETOWN (HMCS;FFH339;call sign CGAJ; commissioned 09.1995),SDN:C17::18C8
CHELEKEN,SDN:C17::90BH
CHEVIOT,SDN:C17::74C3
CHEVRON,SDN:C17::74CG
CHICAGO EXPRESS (Cont.ship;c.s.DCUJ2;built 2006;IMO9295268)\0,SDN:C17::060Q
CHICHESTER,SDN:C17::74CJ
CHIKASKIA,SDN:C17::31QA
CHUKAWAN,SDN:C17::31UK
CIROLANA,SDN:C17::74CZ
CITY OF DUBLIN (SVCQ),SDN:C17::36CD
CLARK (USS),SDN:C17::32NW
CLIFTON SPRAGUE,SDN:C17::32QD
CLIONE,SDN:C17::74CN
CMA CGM AMBER (Cont.ship;call sign 2BHA6;built 2008;IMO9350381),SDN:C17::74XO
CMA CGM CHARCOT (Cont.ship; call sign A8HE4; built 2002; IMO9232773),SDN:C17::54CR
CMA CGM CORAL (Cont.ship;call sign 2BLO7;built 2008;IMO9350393)\0,SDN:C17::74NE
CMA CGM FLORIDA (Cont.ship;call sign 2AKU3;built 2008;IMO9348704),SDN:C17::746M
CMA CGM GEORGIA (Cont.ship;call sign 2ARK9;built 2008;IMO9351127),SDN:C17::748K
CMA CGM MOLIERE (Cont.s.;call sign 9HA2072;built 2009;IMO9401099),SDN:C17::MLVT
CMA CGM RABELAIS (Cont.s.;call sign 9HA2360;built 2010;IMO9406635),SDN:C17::MLS5
CMA CGM RACINE (Cont.s.;call sign 9HA2362;built 2010;IMO9406647),SDN:C17::MLJO
COGSWELL,SDN:C17::31CJ
COLIMA,SDN:C17::66CL
COMET,SDN:C17::066P
COMET (Slocum glider #501;WMO6801593;owned by Helmholtz Centre)\0,SDN:C17::066P
COMPTON,SDN:C17::31O6
COMTE DE GRASSE,SDN:C17::32G9
CONNOLE,SDN:C17::3159
CONOLLY,SDN:C17::322Y
CONTEST,SDN:C17::74CQ
CONTSHIP AMERICA,SDN:C17::PACN
CONYNGHAM,SDN:C17::31V7
COOK (HMS; A307; built 1945; active 1950 - 1964; Naval vessel),SDN:C17::74C6
COPROLITE (AUV;Slocum glider #052;WMO 68973;b.2006;owned by NOC),SDN:C17::74L4
CORNIDE DE SAAVEDRA (R/V;call sign EDSV;built 1970;IMO7025231),SDN:C17::29CS
COTES DE LA MANCHE (C.s.FQBE;built 04.1997; IMO9156254),SDN:C17::35C4
COTTEN,SDN:C17::31OQ
CRATE (Slocum glider;WMO 68451;operated by INSU/CNRS),SDN:C17::35Q5
CROSSBOW (HMS;D96;active 1945-1971),SDN:C17::74F7
D'ENTRECASTEAUX,SDN:C17::35DN
DAINTY,SDN:C17::74DY
DALE,SDN:C17::31ZD
DALRYMPLE (HMS; built 1949; decomm-d 1966; ex. Loch Glass; Naval vessel)A,SDN:C17::74DL
DALY,SDN:C17::31D9
DANIEL A (C.s.TCLA;b.2001;ex.Vento Di Aliseo 01.2012;IMO9238064),SDN:C17::89DA
DAVID STARR JORDAN (NOAA ship; c.s. WTDK; built 10.1965; IMO7333195),SDN:C17::31JD
DAVIS,SDN:C17::31DI
DECTRA,SDN:C17::48DE
DELAWARE II (NOAA ship; call sign KNBD;built 1968;IMO7629946),SDN:C17::316G
DERBY D (Cont.s.;c.s.A8MY7;b.2004;ex.Bunga Raya Tiga 05.2011;IMO9278117)A,SDN:C17::54DD
DIAMOND STAR,SDN:C17::18DS
DIANA,SDN:C17::74DN
DIPSY (Slocum G3 glider;WMO6801598;operated by Helmholtz Centre (HZG)),SDN:C17::068E
DISCOVERY (R/V; call sign GLNE; built 12.1962; IMO5090660),SDN:C17::74E3
DISCOVERY II (R/V;comm-d 1929;decomm-d 1963),SDN:C17::74DS
DORAJR (Slocum glider;WMO 6801661;operated by NATO STO-CMRE),SDN:C17::48C4
DORTCH,SDN:C17::32DR
DRIADE,SDN:C17::48DR
DROGOU,SDN:C17::351B
DUCHESS (HMS;D154;comm-d 10.1952;decomm-d 1964;HMAS Duchess 1964-1977),SDN:C17::74DH
DULUTH,SDN:C17::316U
DYESS,SDN:C17::31DY
EAS (C.s.P3ZM4;b.1975;ex.Seaforth Warrior 1979;Sentinel 1993;IMO7403146)1,SDN:C17::CYEA
EASTWIND,SDN:C17::31EW
EKVATOR,SDN:C17::90EK
ELIE MONNIER (R/V;call sign FBEZ;comm-d 1947; decomm-d 1972;ex.ALBATROS(A467),SDN:C17::35EL
ELLIOT,SDN:C17::32E4
EMPIRE STATE (C.s. KKFW;built 1962;ex Mormactide 1989; Oregon 1977;IMO5264510),SDN:C17::33EM
ENDEAVOR (Call sign WAUW;built 1991;active as ENDEAVOR 1997-2006;IMO9007817),SDN:C17::33EN
ENDURANCE (WAUU) (SEAS Vessel 6/1999),SDN:C17::33EU
ERNEST HOLT,SDN:C17::74EH
ERNST KRENKEL (R/V;c.s.EREU;built1971;ex.Vikhr 1972;n.c.s.EOGQ;IMO7205685),SDN:C17::90KE
ESPADON,SDN:C17::35EP
ESTOCIN (USN),SDN:C17::321E
EUDOXUS (AUV;Slocum glider;#136;b.2009;Length 2.15;owned by ENSTA&LOCEAN),SDN:C17::35ZR
EXCELLENT (Call Sign IBBE),SDN:C17::48EL
EXCELSIOR (IBEX),SDN:C17::48EX
EXPLORER (Call sign C6TN4;built 04.2001;ex.Olympia Explorer 2004;IMO9183518),SDN:C17::58J3
FARRAGUT,SDN:C17::31QQ
FISKE,SDN:C17::31FK
FLATLEY,SDN:C17::32F7
FLEX BOX CONTAINER (Cont.s.;c.s.VRMG4;b.2001;ex.Ena 07.2014;IMO9226504),SDN:C17::HKFB
FORRESTAL,SDN:C17::319F
FOX (DLG 33),SDN:C17::314F
FRANCISCO DE PAULA NAVARRO (R/V;call sign EGES;built 1987;IMO9098581),SDN:C17::29FN
FREDERICTON (HMCS;FFH-337; call sign CGAN; commissioned 09.1994),SDN:C17::18FN
FRIEDRICH HEINCKE,SDN:C17::06HF
FRIESLAND,SDN:C17::06FD
GARCIA,SDN:C17::31V6
GARCIA DEL CID (R/V; TA-2-166; call sign EHUU; built 1977),SDN:C17::29GD
GEARING,SDN:C17::31G2
GEORGIY SEDOV (Icebreaker; built 1909; decomm-d 1967; ex.Beothic),SDN:C17::90SE
GLOMAR CHALLENGER,SDN:C17::3177
GLOVER,SDN:C17::31VJ
GONETS,SDN:C17::9067
GOODRICH,SDN:C17::31GX
HAILEY,SDN:C17::32HL
HAKUHO MARU (F/V; call sign JDSS; built 05.1989; IMO8714700),SDN:C17::49HH
HALIFAX (HMCS;FFH-330; call sign CGAP;commissioned 06.1992),SDN:C17::18HL
HALYBURTON,SDN:C17::32Q9
HANNON (AUV;Slocum glider;#097;b.2008;Length 2.15;owned by ENSTA&LOCEAN)a,SDN:C17::35ZQ
HANNOUN,SDN:C17::88HA
HARDY (HMS;F54;active 1955-1979),SDN:C17::74HF
HARWOOD,SDN:C17::31HB
HAZELWOOD,SDN:C17::313N
HEBE (Cont.ship.call sign A8OH7;built 2008;ex.CSAV Itajai 04.2013;IMO9334375),SDN:C17::54HB
HECATE (HMS;A137;c.s.GQCA;comm-d 1965;decomm-1990),SDN:C17::74HC
HECLA (A133; active 1964 - 1997; Naval vessel),SDN:C17::74HA
HEERMANN,SDN:C17::32H2
HEIAN MARU (Call sign JIQD; operation dates 10.1977 - 11.1997; IMO7705817),SDN:C17::49QC
HELGOLAND (DSFY),SDN:C17::34HL
HELLAND HANSEN (R/V;comm-d 1957;decomm-d 1976),SDN:C17::58HH
HELMSDALE (HMS;K253;active 1943-1957),SDN:C17::74GV
HENLEY,SDN:C17::31ZY
HEPBURN,SDN:C17::315U
HERALD,SDN:C17::3170
HESPERIDES (Call Sign EBBW; built 05/1991; Research vessel),SDN:C17::29HE
HIGHGATE,SDN:C17::PAHG
HIMILCON (AUV;Slocum glider;#098;b.2008;Length 2.15;owned by ENSTA&LOCEAN),SDN:C17::35ZS
HOLLAND,SDN:C17::310A
HS DEBUSSY (C.s.A8SH4;b.2007;ex.Sci New Delhi 2012;Hs Debussy 2009;IMO9436484),SDN:C17::54DY
HUDSON,SDN:C17::18HU
HUGH PURVIS (USS;DD-709;active 03.1945-06.1972;renamed Zafer 1972)\0,SDN:C17::31UV
HURON,SDN:C17::18HN
IBN SINA (CNOJ),SDN:C17::56IS
ICHTHYS,SDN:C17::35IC
IDEEP02 (AUV;Slocum glider #132;owned by IMEDEA),SDN:C17::29BB
IFM01 (AUV;Slocum glider #031;owned by IFM-GEOMAR),SDN:C17::06I1
IFM02 (AUV;Slocum glider #036;owned by IFM-GEOMAR),SDN:C17::06I2
IFM04 (Slocum SG1 glider;WMO 680905;operated by IFM-GEOMAR;lost 03.2008)\0,SDN:C17::066L
IHTIOLOG,SDN:C17::90B9
INDEPENDENCE (CVA-62),SDN:C17::32D6
INDEPENDENCE (TB),SDN:C17::32IP
INGRAHAM,SDN:C17::31X5
INTREPID,SDN:C17::3157
INVINCIBLE (HMS;R05;call sign GUCL;comm-d 07.1980;decomm-d 08.2005),SDN:C17::743Q
IOWA (BB-61),SDN:C17::328Z
ISABELLA (A8NJ),SDN:C17::54SE
JADE (Slocum glider;WMO 6801660;operated by NATO STO-CMRE),SDN:C17::48ZG
JAFUDA CRESQUES,SDN:C17::29JC
JEAN CHARCOT (FNOY),SDN:C17::35JC
JOAO ROBY,SDN:C17::68AD
JOB HA ZELIAN,SDN:C17::35JZ
JOHN F. KENNEDY (CVA-67)!,SDN:C17::3288
JOLLY GRIGIO (Cont.s;c.s.IBSZ;b.1977;ex.Bellman 05.1981;dec-d 05.2013;IMO7616353,SDN:C17::48BG
JOLLY ORO (C/S;;c.s.IBWQ;b.1981;ex.Saudi Riyadh 2001;dec-d 03.2012;IMO7900053),SDN:C17::48BH
JPO PISCES (Call sign A8GU8;b.2005;ex.P&O Nedlloyd Carthago 2006;IMO9297852),SDN:C17::54CI
JUTLAND (HMS;D62;comm-d 07.1947;decomm-d 1965),SDN:C17::74JU
KAUFFMAN (FFG-60),SDN:C17::3287
KIEV,SDN:C17::URKI
KLAKRING (FFG-42),SDN:C17::329A
KNAPP,SDN:C17::32KN
KNORR (R/V; call sign KCEJ; built 1970; IMO7738618),SDN:C17::316N
KOELSCH,SDN:C17::313K
KOJIMA (PL21; call sign JFRO; built 1993; IMO9034638),SDN:C17::49Q7
KOROTNEFF,SDN:C17::35KR
KOYO MARU (Call sign JHPO; built 06.1978; IMO7709253),SDN:C17::49LO
KRISTALL (Call sign UVSR),SDN:C17::90Q3
L'ATALANTE,SDN:C17::35A3
L'EUROPE (FKJB),SDN:C17::35EU
L. F. MARSILI (R/V; call sign IKNA; commissioned 1982; IMO6931031),SDN:C17::48MR
LA SUPERBA (Call Sign ICGK; built 2002),SDN:C17::48LB
LA SUPREMA (Call Sign IBIL),SDN:C17::48LA
LACAZE DUTHIERS,SDN:C17::35LJ
LAGOS (HMS;D44;built 1945;decomm-d 1960)!,SDN:C17::74LA
LAPEROUSE (AGSC) (A791) (Call sign FYCR)!,SDN:C17::35B7
LASH ATLANTICO,SDN:C17::32LT
LE NOROIT (R/V; call sign FITA; active 1971 - 1995),SDN:C17::35LL
LE RUSE,SDN:C17::35LR
LE SUROIT,SDN:C17::35LU
LEAHY,SDN:C17::31L1
LEARY,SDN:C17::31YX
LEONARDO (Slocum G2 glider;also known as UNIT_403;operated by OGS)\0,SDN:C17::48LE
LETITIA LYKES,SDN:C17::32VP
LIBURNIJA (Call Signal 9AEC),SDN:C17::HRLI
LIMBURG,SDN:C17::64LI
LIPA (YTFL),SDN:C17::95LI
LLANDAFF,SDN:C17::74LL
LOCH ALVIE,SDN:C17::74LC
LOCH CRAGGIE (HMS;K609;comm-d 10.1944;decomm-d 1963),SDN:C17::74HP
LOCH FADA (HMS;K390/F390;comm-d 04.1944;decomm-d 10.1967),SDN:C17::74LF
LOCH FYNE (K429;c.s.MNFF3;built 1944;decomm-d 05.1963),SDN:C17::74LH
LOCH INSH (HMS;K433;built 1944;decomm-d 06.1962),SDN:C17::74L1
LOCH LOMOND (HMS;K437;built 1944;decomm-d 12.1964),SDN:C17::74LM
LOCH SCAVAIG (HMS;K648;comm-d 12.1944;decomm-d 09.1952),SDN:C17::74HV
LONGAVI (Cont.ship;call sign A8IZ4;built 2006;IMO9294836),SDN:C17::54LC
LOTS-60 (Built 1957;renamed GS-60 1963;scrapped 1985),SDN:C17::90LT
LYKES AMBASSADOR (Call Sign ZCDJ4),SDN:C17::74LX
M. S. BENYAHIA (F/V; call sign 7TEV; built 1983; IMO8211083),SDN:C17::ALBE
MADRID EXPRESS (Cont.s.;cs ZCDJ5;b.1986;ex.Cp Hermosillo 09.2006;IMO8406262)\0,SDN:C17::74HK
MALCOLM BALDRIGE (NOAA ship;RV;c.s.WTER;active 1988-96;ex Researcher;IMO6901907),SDN:C17::33MW
MANILA EXPRESS (Cont.ship;call sign VRCX7;built 2007;IMO9301859),SDN:C17::HKME
MARIA (Slocum glider;WMO 6801663;operated by NATO STO-CMRE),SDN:C17::48GT
MARIA S. MERIAN (R/V;call sign DBBT;built 2005;IMO9274197),SDN:C17::06M2
MARIAS,SDN:C17::32M1
MARION DUFRESNE (C.s.FNGB;built 1972;decomm-d 1995;renamed Fres;IMO7208388),SDN:C17::35M1
MARION DUFRESNE (Call sign FNIN; built 1995; IMO 9050814),SDN:C17::35MV
MARISKA (C6T2007),SDN:C17::BHMK
MARKO POLO (Call Sign 9AED),SDN:C17::HRMP
MAZIRBE (R/V;call sign UFND;built 1958;decomm-d 1978),SDN:C17::90MZ
MCCAFFERY,SDN:C17::31F1
MCCANDLESS,SDN:C17::319M
MCCLOY,SDN:C17::31YM
MCCONNELL,SDN:C17::32M3
MCGOWAN,SDN:C17::31GZ
MCNAIR,SDN:C17::31N4
MELVILLE (R/V; call sign WECB; built 1969; IMO7738591),SDN:C17::318M
MELVIN,SDN:C17::32M7
MERMOZ (Call sign FOSX; commissioned 1940; ex.MUSKEGON),SDN:C17::35ME
METEOR (R/V; call sign DBBH; built 1986; IMO8411279),SDN:C17::06M3
METEOR (R/V;built 1964;decomm-d 1985;ren-d Rapuhia),SDN:C17::06MT
METHANE POLAR (Call Sign S6IS),SDN:C17::SIMP
MGLA,SDN:C17::90MG
MIKHAIL LOMONOSOV (R/V; call sign UQIH; built 1957; IMO5234955),SDN:C17::90ML
MILOU (AUV;Slocum glider #133;owned by Villefr.sur Mer Oceanol.Observatory),SDN:C17::35ZY
MISPILLION,SDN:C17::311X
MISSISSIPPI,SDN:C17::327M
MITLA (C/S;c.s.XCNX;b.10.1985;r-d Maria 99;York Castle 2003;IMO8310803),SDN:C17::57MT
MN COLIBRI (Call sign FNHO; built 01.2000; IMO9207390),SDN:C17::35MJ
MN TOUCAN,SDN:C17::35MT
MOALE,SDN:C17::31O7
MOBILE BAY (CG-53),SDN:C17::32M0
MOINESTER,SDN:C17::32MN
MONSSEN,SDN:C17::31ND
MONT VENTOUX (Call sign GDIW),SDN:C17::74P7
MONTREAL (HMCS;FFH-336; call sign CGAG; commissioned 09.1993),SDN:C17::18MP
MOOSBRUGGER,SDN:C17::325B
MORELOS (PGBB),SDN:C17::64ML
MURRAY,SDN:C17::31UA
MUSSON (R/V; call sign EREA; built 1968; decomm-d 1992;IMO6904155),SDN:C17::90MU
NAUCRATES (R/V;call sign EGYR;comm-d 06.1980;decomm-d 02.1985),SDN:C17::29NC
NEARCHOS (AUV;Slocum glider;#127;b.2009;Length 2.8;owned by ENSTA&LOCEAN),SDN:C17::35ZT
NEREIS II (R/V; built 2001),SDN:C17::35NS
NEW,SDN:C17::31NU
NEWPORT (LST-1179),SDN:C17::324U
NICHOLSON,SDN:C17::32NN
NOA (Slocum glider;#180;WMO 6801662;operated by NATO STO-CMRE),SDN:C17::48Z8
O'HARE,SDN:C17::31O2
OAXACA (C.s.PGLA;b.1988;r-d Conts.Houston 96;TMM Oaxaca 97;MSC Jasmine 2000),SDN:C17::64XC
OGS EXPLORA (R/V;c.s.IXWQ;b.04.1973;ex.EXPLORA 12.1986;IMO7310868),SDN:C17::48AZ
OKEAN,SDN:C17::90OK
OLIVIA,SDN:C17::54OL
ONDINA (LEASED TUG BOAT)!,SDN:C17::48ND
ORIGNY,SDN:C17::35OG
OWASCO,SDN:C17::31OW
PASSAT (R/V;c.s.UZGH;b.1968;IMOO6904167;flag USSR; Ukraine 1993-2008),SDN:C17::90PT
PASSAT SPRING (Cont.ship; call sign A8JY8; built 2006; IMO9316359),SDN:C17::54PS
PATTERSON,SDN:C17::3169
PHARRIS,SDN:C17::32PR
PHEIDIPPIDES (Seaglider #149;b.2008;Length 1.8;owned by OC-UCY),SDN:C17::CYPD
PLANET (Call sign DSCZ; service date: 04/15/1967 - 12/31/1981),SDN:C17::06P2
PORYV (R/V; built 1971;r-d Viktor Bugayev c.s.ERES 1976;IMO7048427),SDN:C17::90PB
POSEIDON (F/V;call sign DBKV;built 1976;IMO7427518),SDN:C17::06P0
POTAME (Slocum glider;WMO 61866;operated by INSU/CNRS),SDN:C17::3551
POURQUOI PAS? (Call Sign FMCY),SDN:C17::35PK
PREDVODNIK,SDN:C17::95BP
PRESIDENT EISENHOWER,SDN:C17::32QX
PRESIDENT T. TISSIER,SDN:C17::35PT
PRIBOY,SDN:C17::90PY
PRILIV (R/V; call sign EREC; built 05.1969; new c.s.UHIR; IMO6916574),SDN:C17::90PI
PROFESSOR BOGOROV (R/V; call sign UWJE; built 1976; IMO7406124),SDN:C17::RU73
PROFESSOR KHROMOV (R/V;c.s.UWEC;built 03.1983;decomm-d 1992;IMO8010350),SDN:C17::90CI
PROFESSOR KOLESNIKOV (Call sign USKQ; built 1962; ex. Aytodor 1983; IMO6726084),SDN:C17::90CK
PRUDENTIAL OCEANJET,SDN:C17::314P
PURDY,SDN:C17::31UY
PUTNAM,SDN:C17::31UJ
PYTHEAS (AUV;Slocum glider;#57;WMO 61864;owned by ENSTA&LOCEAN),SDN:C17::35ZZ
QUEENSLAND STAR (C6JZ3) AFTER 12/91,SDN:C17::74QS
RALEIGH BAY,SDN:C17::33RB
REASONER,SDN:C17::318R
RECTEUR DUBUISSON (R/V;c.s.ORXA;built 1972;IMO7224382;Reg.of Ships 1984-85),SDN:C17::11AA
REMEY,SDN:C17::31EY
RHYL (HMS;F129;built 1960;decomm-d 1983)!,SDN:C17::74RH
RICKMERS GENOA (C/V;c.s.V7FS3;built 2004;ren-d Rickmers Dalian 2005;IMO9292022),SDN:C17::MHRI
RIO DE LA PLATA (Cont.ship;call sign DMQN;built 2008;IMO9357951),SDN:C17::06CM
ROANOKE (AOR-7),SDN:C17::32XE
ROBERTS,SDN:C17::3124
ROBINSON,SDN:C17::31R8
ROEBUCK,SDN:C17::74RB
ROGERS,SDN:C17::312H
ROWE,SDN:C17::31RF
SAINTES (HMS;D84;built 1946;decomm-d 1962),SDN:C17::74S1
SALISBURY,SDN:C17::74SD
SALVATORE LO BIANCO (R/V; call sign IPPV;built 1967;ex.Luicotta 1975;IMO6727973),SDN:C17::48SB
SAMPSON,SDN:C17::31NM
SAMUEL P. LEE (R/V;c.s.NDXA;active 1962-1992;IMO8428466)\0,SDN:C17::314J
SANTOS EXPRESS (Cont.ship; call sign VRCF6; built 2006; IMO9301835),SDN:C17::HKSE
SARSFIELD,SDN:C17::31FL
SDEEP00 (Slocum G2 glider;WMO68457;also known as Unit243;SL243;IMEDEA/SOCIB)\0,SDN:C17::29WO
SDEEP01 (Slocum G2 glider;WMO68967;also known as Unit244;SL244;IMEDEA/SOCIB)\0,SDN:C17::29VG
SDEEP04 (Slocum G2 glider;WMO68997;also known as Unit567;SL567;owned by SOCIB)\0,SDN:C17::291O
SDEEP06 (Slocum G3 glider;WMO6801637;also known as Unit827;owned by SOCIB),SDN:C17::29H1
SDEEP07 (Slocum G3 glider;WMO6801638;also known as Unit828;owned by SOCIB),SDN:C17::291N
SDEEP08 (Slocum G3 glider;WMO6801639;also known as Unit829;owned by SOCIB),SDN:C17::295I
SDEEP09 (Slocum G3 glider;WMO6801640;also known as Unit830;owned by SOCIB)\0,SDN:C17::29XV
SEA-LAND ACHIEVER (WPKD)!,SDN:C17::323Q
SEA-LAND HAWAII (KIRF),SDN:C17::33SE
SEA-LAND PACIFIC (WSRL),SDN:C17::328Q
SEA015 (SeaExplorer glider;WMO 6801701;operated by HCMR)Q,SDN:C17::36L6
SEA023 (SeaExplorer glider;WMO6801555;operated by ALSEAMAR)\0,SDN:C17::35GX
SEA030 (SeaExplorer glider;WMO6801557;operated by ALSEAMAR)\0,SDN:C17::35SQ
SEA038 (SeaExplorer glider;WMO6801649;operated by ALSEAMAR)\0,SDN:C17::3508
SEA041 (SeaExplorer glider;alt.name KRAKEN;WMO 6801500;operated by DT INSU/CNRS),SDN:C17::35ZJ
SEALIFT ARABIAN SEA,SDN:C17::32FB
SEALIFT ARCTIC,SDN:C17::32UQ
SEALIFT ATLANTIC,SDN:C17::323S
SEDCO/BP 471 (R/V;c.s.D5BC;b.1978;comm-d1985;r-ed JOIDES Resolution 1996),SDN:C17::54SD
SEGURA,SDN:C17::29SE
SELLERS,SDN:C17::31LE
SEMMES,SDN:C17::31EM
SG508 (AUV;Seaglider#508;b.2009;alt.name Conti;WMO 68455;owned by INSU)\0,SDN:C17::35ZU
SG509 (Seaglider #509;WMO 68456;b.2009;also known as Baker;owned by INSU/CNRS)\0,SDN:C17::35ZV
SHENANDOAH,SDN:C17::314D
SHIKMONA,SDN:C17::47SK
SIBILLA,SDN:C17::48SI
SIGOURNEY,SDN:C17::32SG
SIMPSON,SDN:C17::32XZ
SMALLEY,SDN:C17::31QM
SOCIB (Catamaran;call sign EABV;R/V;built 09.2012;length 23.76),SDN:C17::29SO
SOLEBAY (HMS;D70; comm-d 1945; decomm-d 1962),SDN:C17::74S3
SOLEY,SDN:C17::31YO
SOUTH CAROLINA,SDN:C17::32SC
SPRINGFIELD,SDN:C17::3179
SPRUANCE,SDN:C17::32R6
ST KITTS (HMS;D18;active 1946-1957),SDN:C17::74S2
STADT WEIMAR (Cont.ship;c.s.DCHO;b.2006;ren-d CCNI Atlantico 05.2011;IMO9320051),SDN:C17::06WM
STAR DROTTANGER (ZCKU),SDN:C17::74SZ
STARK,SDN:C17::32WJ
STEIN (DE 1065),SDN:C17::3189
STEINAKER,SDN:C17::31KZ
STICKELL,SDN:C17::31EI
STOCKHAM,SDN:C17::31KH
STORMES,SDN:C17::31TM
STRIBLING,SDN:C17::31TB
STRONG,SDN:C17::315S
SWERVE,SDN:C17::31SX
TALBOT,SDN:C17::31TL
TARA (Polar sail vessel;c.s.FVNM;b.1989;ex.Tara V;IMO8817552)\0,SDN:C17::35XI
TARAWA (LHA-1),SDN:C17::32YU
TATTNALL,SDN:C17::31Z7
TENBY (HMS;F65;built 1957;decomm-d 1972)!,SDN:C17::74TB
TENUSE (AUV;Slocum glider;#173;b.2009;Length 2.15;owned by the IFREMER),SDN:C17::35ZW
TERESA (Slocum G2 glider;Unit 518;WMO6801666;operated by SOCIB),SDN:C17::48Z5
TETHYS II (R/V; call sign FGTO; built 1993; IMO9066007),SDN:C17::35TT
TEXAS,SDN:C17::327T
THALASSA (Call sign FNFP; built 12/1995; IMO9070307),SDN:C17::35HT
THALASSA (decommissioned 1996),SDN:C17::35TH
THEQUE (Slocum glider;WMO 68453;operated by INSU/CNRS),SDN:C17::35M8
THOMAS G. THOMPSON (AGOR-9;c.s.KGWT;built 09.1965;r-d Pacific Escort II 12.1989),SDN:C17::31TT
THORN,SDN:C17::32QG
TINTIN (AUV;Slocum glider;#124;b.2008;Length 2.15;owned by ESA),SDN:C17::35ZX
TOFINO,SDN:C17::29TO
TOLUCA (3EFY7),SDN:C17::PATL
TRIDENT (R/V; call sign KIEA; commissioned 1962; decommissioned 1976),SDN:C17::33XS
TRIESTE-1 (Shallow Slocum glider;WMO61865;operated by OGS;lost 12.2009)\0,SDN:C17::4819
TRUETT,SDN:C17::32TT
TRUXTUN (USS;DLGN/CGN-35; active 1967 - 1995)\0,SDN:C17::31XX
TUBUL (Cont.ship;call sign A8VP8;built 2011;IMO9447873)\0,SDN:C17::547D
TURNER,SDN:C17::31UR
TYRO (PIBQ),SDN:C17::64TR
ULYSSES (HMS;R69;comm-d 12.1943;recomm-d 1970),SDN:C17::74UY
UMBERTO D'ANCONA (R/V; built 1967;Length 24;operated by CNR-ISMAR),SDN:C17::48UD
UMITAKA MARU (F/V;c.s.JGBB;built 1973;ren-d Australis Mentor 2005;IMO7314149),SDN:C17::49QB
UNDAUNTED (HMS;R53;comm-d 1944;decomm-d 1974),SDN:C17::74UN
UNDERWOOD (FFG-36),SDN:C17::32Y2
UNDINE (HMS;R42/D141/F141;active 1943-1965),SDN:C17::74UD
UNIVERSE,SDN:C17::54AH
URANIA (Call sign IQSU),SDN:C17::48UR
URANIA (HMS;R05/F08;active 1944-1971),SDN:C17::74UR
URSA (HMS;R22/F200;built 1943;comm-d 03.1944;decomm-d 1967),SDN:C17::74UA
USS ENGLISH (DD-696; call sign NHEE; active 1944 - 1970)!,SDN:C17::31EJ
VIKTOR BUGAYEV (R/V;c.s.ERES;b.1971;ex.Poryv 1976;decomm-d 1993;IMO7048427),SDN:C17::90VC
